iata_code,latitude_deg,longitude_deg,municipality,iso_region
OCA,25.325399,-80.274803,Key Largo,US-FL
CSE,38.851918,-106.928341,Crested Butte,US-CO
CUS,31.823898,-107.629924,Columbus,US-NM
JCY,30.251801,-98.622498,Stonewall,US-TX
NUP,60.905591,-162.440454,Nunapitchuk,US-AK
ICY,59.966269,-141.660118,Icy Bay,US-AK
KKK,64.4166256967,-156.820392609,Kalakaket Creek,US-AK
MHS,41.263199,-122.272003,Dunsmuir,US-CA
NIR,28.362444,-97.661917,Beeville,US-TX
GCT,36.257984,-113.231063,Littlefield,US-AZ
LVD,61.3591003418,-155.440002441,Lime Village,US-AK
HGZ,66.176133,-155.684816,Hogatza,US-AK
OTN,38.851782,-87.49987,Oaktown,US-IN
TLF,63.393902,-153.268997,Telida,US-AK
BZT,28.982200622559,-95.579696655273,Brazoria,US-TX
BYW,48.579162,-122.823844,Blakely Island,US-WA
DRF,60.588901519800004,-152.162002563,Kenai,US-AK
BDF,41.230899810800004,-89.61569976810001,Bradford,US-IL
TEH,63.124618,-142.518005,Tetlin,US-AK
VRS,38.427799224854,-92.875198364258,Versailles,US-MO
ATT,60.866699,-162.272996,Atmautluak,US-AK
LIV,65.467,-148.6534,Livengood,US-AK
PDB,59.796925,-154.129994,Pedro Bay,US-AK
KOZ,57.942094,-152.464314,Ouzinkie,US-AK
TNK,60.569638,-165.246649,Tununak,US-AK
MNT,65.147991,-149.368658,Minto,US-AK
WKK,59.2826004028,-158.617996216,Aleknagik,US-AK
RFK,32.953543,-90.845144,Rolling Fork,US-MS
NNK,58.735633,-157.02216,Naknek,US-AK
BCS,29.866078,-90.021608,Belle Chasse,US-LA
MMN,42.460298,-71.519031,Stow,US-MA
CWS,48.490046,-122.831612,Center Island,US-WA
TEK,60.871449,-146.690297,Tatitlek,US-AK
DUF,36.252744,-75.785256,Corolla,US-NC
SSW,48.673379,-123.175439,Friday Harbor,US-WA
FOB,39.472445,-123.795319,Fort Bragg,US-CA
AXB,44.312002,-75.90034,Alexandria Bay,US-NY
REE,33.590301513672,-102.03700256348,Lubbock,US-TX
WDN,48.71141,-123.018208,Eastsound,US-WA
CHU,61.579102,-159.216003,Chuathbaluk,US-AK
UGS,57.523476,-157.396344,Ugashik,US-AK
KLL,59.12606,-156.860906,Levelock,US-AK
WTL,60.351243,-162.654476,Tuntutuliak,US-AK
TWA,59.074713,-160.274992,Twin Hills,US-AK
KCQ,56.255001,-158.774994,Chignik Lake,US-AK
CEX,65.0518035889,-146.04699707,Chena Hot Springs,US-AK
SOL,64.5605,-164.4457,Solomon,US-AK
HED,55.802346,-160.901346,Herendeen Bay,US-AK
TWE,65.6792984009,-164.798995972,Taylor,US-AK
CDL,65.907699585,-161.925994873,Candle,US-AK
BSW,60.4230995178,-146.145996094,Boswell Bay,US-AK
AQY,60.968774,-149.119792,Girdwood,US-AK
BYA,64.077678,-141.122088,Boundary,US-AK
PYS,39.71029,-121.616528,Paradise,US-CA
CHP,65.485496521,-144.610992432,Circle Hot Springs,US-AK
CKD,61.870315,-158.137636,Crooked Creek,US-AK
CKR,48.5978,-122.9979,Crane Island,US-WA
CKU,60.5438995361,-145.727005005,Cordova,US-AK
CKX,64.066495,-141.951342,Chicken,US-AK
CXC,61.582901,-144.427002,Chitina,US-AK
CZN,62.071201,-142.048004,Chisana,US-AK
CZO,62.5634994507,-144.669006348,Chistochina,US-AK
IUA,42.908902,-77.325226,Ontario County IDA,US-NY
DJN,64.049861,-145.722656,Delta Junction,US-AK
DCK,66.943298,-156.904999,Dahl Creek,US-AK
RGR,32.4525985718,-98.682800293,Ranger,US-TX
FLT,62.452598571799996,-157.988998413,Flat,US-AK
GNU,59.117561,-161.575241,Goodnews,US-AK
HPV,22.209313,-159.44515,Hanalei,US-HI
HKB,63.9958,-144.6926,Healy Lake,US-AK
JLA,60.484235,-149.722909,Cooper Landing,US-AK
AMK,37.203201,-107.869003,Durango,US-CO
BDX,45.470462,-105.457145,Broadus,US-MT
EUE,39.604198455799995,-116.004997253,Eureka,US-NV
KPT,41.97600173949999,-114.657997131,Jackpot,US-NV
RLA,37.935699,-91.813499,Rolla,US-MO
FID,41.252099,-72.032218,Fishers Island,US-NY
HUD,42.734831,-94.245315,Humboldt,US-IA
TWD,48.053799,-122.810997,Port Townsend,US-WA
MVM,36.716444,-110.228444,Kayenta,US-AZ
HCC,42.291302,-73.710297,Hudson,US-NY
AHD,34.1469993591,-97.1227035522,Ardmore,US-OK
GCW,35.985787,-113.817072,Peach Springs,US-AZ
CKE,38.9906005859,-122.901000977,Lakeport,US-CA
ROF,41.7304000854,-122.54599762,Montague,US-CA
CNE,38.429739,-105.108562,Penrose,US-CO
COP,42.629552,-74.890445,Cooperstown,US-NY
CIL,64.89790344240001,-163.70300293,Council,US-AK
NWH,43.3881,-72.189301,Newport,US-NH
IRB,30.9057006836,-101.891998291,Iraan,US-TX
ODM,39.580819,-79.33573,Accident,US-MD
GNF,39.943902,-120.945,Quincy,US-CA
CHZ,42.57944,-121.879063,Chiloquin,US-OR
LTW,38.315399,-76.550102,California,US-MD
USC,34.687046,-81.64105,Union,US-SC
AHF,40.341576,-99.907839,Arapahoe,US-NE
PCT,40.3992004395,-74.6588973999,Princeton/Rocky Hill,US-NJ
CTO,40.9151,-72.791901,Calverton,US-NY
NRI,36.577598571777,-94.86190032959,Afton,US-OK
GTP,42.510101,-123.388,Grants Pass,US-OR
NLE,41.835899353027,-86.225196838379,Niles,US-MI
GCD,47.922000885,-119.083000183,Electric City,US-WA
VLE,35.65060043335,-112.14800262451,Grand Canyon,US-AZ
FPY,30.0693,-83.580597,Perry,US-FL
NTJ,39.32910156,-111.6149979,Manti,US-UT
SBO,39.029098510699995,-111.837997437,Salina,US-UT
JVI,40.5243988037,-74.59839630130001,Manville,US-NJ
UCE,30.466299057007,-92.423797607422,Eunice,US-LA
GOL,42.41339874,-124.4240036,Gold Beach,US-OR
KKT,40.758733,-87.429457,Kentland,US-IN
PRW,45.538313,-90.275978,Prentice,US-WI
EGP,28.859766,-100.516682,Eagle Pass,US-TX
BLD,35.947161,-114.858799,Boulder City,US-NV
MFH,36.833105,-114.055928,Mesquite,US-NV
ECA,44.312801,-83.422302,East Tawas,US-MI
FMU,43.98279953,-124.111000061,Florence,US-OR
OTS,48.498513,-122.662513,Anacortes,US-WA
ROL,40.278301,-110.051003,Roosevelt,US-UT
CTK,43.308842,-96.571225,Canton,US-SD
WPO,38.831412,-107.645763,Paonia,US-CO
ATE,34.1926002502,-95.6499023438,Antlers,US-OK
ASQ,39.467708,-117.197576,Austin,US-NV
AAF,29.727501,-85.027496,Apalachicola,US-FL
ABE,40.651773,-75.442797,Allentown/Bethlehem,US-PA
ABI,32.4113006592,-99.68190002440001,Abilene,US-TX
ABQ,35.039976,-106.608925,Albuquerque,US-NM
ABR,45.449100494384766,-98.42179870605469,Aberdeen,US-SD
ABY,31.532946,-84.196215,Albany,US-GA
ACB,44.988602,-85.198402,Bellaire,US-MI
ACK,41.25310135,-70.06020355,Nantucket,US-MA
ACT,31.611299514770508,-97.23049926757812,Waco,US-TX
ACV,40.978101,-124.109,Arcata/Eureka,US-CA
ACY,39.456201,-74.577511,Atlantic City,US-NJ
ADG,41.866205,-84.077983,Adrian,US-MI
ADT,34.805214,-96.671988,Ada,US-OK
ADM,34.30301,-97.0196342,Ardmore,US-OK
ADS,32.9686012268,-96.8364028931,Dallas,US-TX
ADW,38.810799,-76.866997,Camp Springs,US-MD
AEL,43.68149948,-93.36720276,Albert Lea,US-MN
AEX,31.325828,-92.546702,Alexandria,US-LA
AFF,38.972497,-104.821125,Colorado Springs,US-CO
WSG,40.136501,-80.290199,Washington,US-PA
AFN,42.805099,-72.002998,Jaffrey,US-NH
AFO,42.7112007141,-110.942001343,Afton,US-WY
AFW,32.99044,-97.31947,Fort Worth,US-TX
AGC,40.354401,-79.930199,Pittsburgh,US-PA
AGO,33.228001,-93.217002,Magnolia,US-AR
AGS,33.3699,-81.9645,Augusta,US-GA
AHC,40.26620102,-120.1529999,Herlong,US-CA
AHH,45.2811012268,-92.37539672850001,Amery,US-WI
AHN,33.948842,-83.325634,Athens,US-GA
AIA,42.052543,-102.803965,Alliance,US-NE
AID,40.10860061649999,-85.6129989624,Anderson,US-IN
AIK,33.649399,-81.684998,Aiken,US-SC
AIO,41.40729904,-95.04689789,Atlantic,US-IA
AIV,33.106499,-88.1978,Aliceville,US-AL
AIZ,38.0960006714,-92.54949951170002,Kaiser Lake Ozark,US-MO
AKO,40.1755981445,-103.222000122,Akron,US-CO
AKC,41.037355,-81.46784,Akron,US-OH
ALB,42.748299,-73.801697,Albany,US-NY
ALI,27.7409,-98.026901,Alice,US-TX
ALM,32.837818,-105.993149,Alamogordo,US-NM
ALN,38.89030075069999,-90.0459976196,Alton/St Louis,US-IL
ALO,42.557098388671875,-92.40029907226562,Waterloo,US-IA
ALS,37.434898,-105.866997,Alamosa,US-CO
ALW,46.09489822,-118.288002,Walla Walla,US-WA
ALX,32.914699554399995,-85.9629974365,Alexander City,US-AL
AMA,35.217857,-101.706444,Amarillo,US-TX
AMN,43.322101593,-84.68800354,Alma,US-MI
AMW,41.992001,-93.621803,Ames,US-IA
ANB,33.5882,-85.8581,Anniston,US-AL
AND,34.4945983887,-82.70939636230001,Anderson,US-SC
SLT,38.5383,-106.049004,Salida,US-CO
ANP,38.942902,-76.568398,Annapolis,US-MD
ANQ,41.639702,-85.083504,Angola,US-IN
ANW,42.579201,-99.992995,Ainsworth,US-NE
ANY,37.158501,-98.079597,Anthony,US-KS
AOH,40.706902,-84.026703,Lima,US-OH
AOO,40.296398,-78.32,Altoona,US-PA
APA,39.57009888,-104.848999,Denver,US-CO
APC,38.2132,-122.280998,Napa,US-CA
APF,26.1525993347,-81.7752990723,Naples,US-FL
APG,39.466202,-76.1688,Aberdeen,US-MD
APH,38.068631,-77.319318,Bowling Green,US-VA
APN,45.0780983,-83.56030273,Alpena,US-MI
APT,35.060699,-85.585297,Jasper,US-TN
APV,34.575298309299995,-117.185997009,Apple Valley,US-CA
ARA,30.0378,-91.883904,New Iberia,US-LA
ARB,42.2229995728,-83.74559783939999,Ann Arbor,US-MI
ARG,36.124667,-90.925111,Walnut Ridge,US-AR
WHT,29.254299,-96.154404,Wharton,US-TX
AUZ,41.771900177,-88.47570037839999,Chicago/Aurora,US-IL
ART,43.991901,-76.021698,Watertown,US-NY
ARV,45.927898,-89.730904,Woodruff,US-WI
BFT,32.412201,-80.634399,Beaufort,US-SC
ASE,39.223202,-106.869003,Aspen,US-CO
SPZ,36.176399231,-94.1193008423,Springdale,US-AR
ASH,42.7817,-71.514801,Nashua,US-NH
ASL,32.5205001831,-94.307800293,Marshall,US-TX
ASN,33.569900512699995,-86.05090332030001,Talladega,US-AL
AST,46.158000946,-123.878997803,Astoria,US-OR
ASX,46.54850006,-90.91899872,Ashland,US-WI
ASY,46.0238990784,-99.3526000977,Ashley,US-ND
ATL,33.6367,-84.428101,Atlanta,US-GA
ATS,32.8525009155,-104.468002319,Artesia,US-NM
ATW,44.258515,-88.519,Appleton,US-WI
ATY,44.91400146,-97.15470123,Watertown,US-SD
AUG,44.320598602299995,-69.7973022461,Augusta,US-ME
AUM,43.66500092,-92.93340302,Austin,US-MN
AUN,38.95479965,-121.0820007,Auburn,US-CA
AUO,32.615101,-85.433998,Auburn,US-AL
AUS,30.197535,-97.662015,Austin,US-TX
AUW,44.9262008667,-89.6266021729,Wausau,US-WI
AVL,35.435488,-82.541853,Asheville,US-NC
AVO,27.59119987,-81.52780151,Avon Park,US-FL
AVP,41.337064,-75.724232,Wilkes-Barre/Scranton,US-PA
AVW,32.409065,-111.216199,Marana,US-AZ
AVX,33.4049,-118.416,Avalon,US-CA
AWM,35.1351013184,-90.2343978882,West Memphis,US-AR
AXG,43.078104,-94.271836,Algona,US-IA
AXN,45.866299,-95.394699,Alexandria,US-MN
AXS,34.697952,-99.3385,Altus,US-OK
AXV,40.49340057,-84.29889679,Wapakoneta,US-OH
AXX,36.422001,-105.290001,Angel Fire,US-NM
AYS,31.2490997314,-82.39550018310001,Waycross,US-GA
TUH,35.392601,-86.0858,Manchester,US-TN
AZO,42.232105,-85.549637,Kalamazoo,US-MI
BAB,39.136101,-121.436996,Beale Air Force Base,US-CA
BAD,32.501801,-93.662697,Bossier City,US-LA
BAF,42.157799,-72.715599,Westfield,US-MA
CLU,39.262386,-85.895576,Columbus,US-IN
BAM,40.598999023400005,-116.874000549,Battle Mountain,US-NV
BBB,45.331902,-95.650597,Benson,US-MN
BBD,31.178931,-99.324732,Brady,US-TX
BKG,36.532082,-93.200544,Branson,US-MO
BTN,34.6217,-79.734398,Bennettsville,US-SC
BBW,41.4365005493,-99.6421966553,Broken Bow,US-NE
BCB,37.207599639899996,-80.4077987671,Blacksburg,US-VA
BCE,37.706401825,-112.144996643,Bryce Canyon,US-UT
BCT,26.3785,-80.107697,Boca Raton,US-FL
BDE,48.728401,-94.612198,Baudette,US-MN
BDG,37.58330154,-109.4830017,Blanding,US-UT
ILL,45.117552,-95.132259,Willmar,US-MN
BDL,41.938555,-72.688016,Hartford,US-CT
BDR,41.163502,-73.126198,Bridgeport,US-CT
WBU,40.039101,-105.226025,Boulder,US-CO
BEC,37.694499969499994,-97.21499633790002,Wichita,US-KS
BED,42.470001,-71.289001,Bedford,US-MA
BEH,42.128601074200006,-86.4284973145,Benton Harbor,US-MI
BFD,41.8031005859375,-78.64009857177734,Bradford,US-PA
BFF,41.87400055,-103.5960007,Scottsbluff,US-NE
BFI,47.527042,-122.29995,Seattle,US-WA
BFL,35.433601,-119.056999,Bakersfield,US-CA
BFM,30.626800537100003,-88.06809997559999,Mobile,US-AL
BFR,38.84000015,-86.44539642,Bedford,US-IN
BGD,35.700901031499995,-101.393997192,Borger,US-TX
BGE,30.9715004,-84.63739777,Bainbridge,US-GA
BGM,42.20869827,-75.97979736,Binghamton,US-NY
BGR,44.806364,-68.826668,Bangor,US-ME
BHB,44.45000076,-68.3615036,Bar Harbor,US-ME
BHM,33.562877,-86.750712,Birmingham,US-AL
BID,41.168446,-71.578631,Block Island,US-RI
BIE,40.3013,-96.754097,Beatrice,US-NE
BIF,31.84950066,-106.3799973,Fort Bliss/El Paso,US-TX
BIH,37.3731,-118.363998,Bishop,US-CA
BIL,45.808932,-108.541242,Billings,US-MT
BIS,46.772734,-100.746874,Bismarck,US-ND
BIX,30.4104003906,-88.92440032959999,Biloxi,US-MS
BJC,39.908798,-105.116997,Denver,US-CO
BJI,47.50939941,-94.93370056,Bemidji,US-MN
BJJ,40.874801635699995,-81.88829803470001,Wooster,US-OH
BKD,32.71900177,-98.89099884030001,Breckenridge,US-TX
BKE,44.837299346900004,-117.808998108,Baker City,US-OR
BFK,39.701698,-104.751999,Aurora,US-CO
BKL,41.51750183105469,-81.68329620361328,Cleveland,US-OH
BWL,36.745212,-97.349619,Blackwell,US-OK
BKT,37.0741996765,-77.9574966431,Blackstone,US-VA
BKW,37.7873,-81.124199,Beaver,US-WV
BKX,44.304798,-96.816902,Brookings,US-SD
BLF,37.295799,-81.207703,Bluefield,US-WV
BLH,33.6192016602,-114.717002869,Blythe,US-CA
BLI,48.79280090332031,-122.53800201416016,Bellingham,US-WA
BLM,40.18690109,-74.12490082,Belmar/Farmingdale,US-NJ
BLU,39.2750015259,-120.709999084,Emigrant Gap,US-CA
BLV,38.5452,-89.835197,Belleville,US-IL
BMC,41.552399,-112.061996,Brigham City,US-UT
BMG,39.145999908447266,-86.61669921875,Bloomington,US-IN
BMI,40.4771,-88.915901,Bloomington/Normal,US-IL
BML,44.57540131,-71.17590332,Berlin,US-NH
BMT,30.070635,-94.215746,Beaumont,US-TX
BNA,36.1245,-86.6782,Nashville,US-TN
BNG,33.922548,-116.850672,Banning,US-CA
BNL,33.25780106,-81.38829803,Barnwell,US-SC
BNO,43.590463,-118.955154,Burns,US-OR
BNW,42.049599,-93.847603,Boone,US-IA
BOI,43.5644,-116.223,Boise,US-ID
BOK,42.0746,-124.290001,Brookings,US-OR
BOS,42.36197,-71.0079,Boston,US-MA
BOW,27.943399,-81.783401,Bartow,US-FL
HCA,32.212601,-101.522003,Big Spring,US-TX
BPI,42.58509827,-110.1110001,Big Piney,US-WY
WMH,36.3689002991,-92.47049713130001,Mountain Home,US-AR
BPT,29.9508,-94.020699,Beaumont/Port Arthur,US-TX
BQK,31.258801,-81.466499,Brunswick,US-GA
BRD,46.402861,-94.129727,Brainerd,US-MN
BRL,40.783199310302734,-91.12550354003906,Burlington,US-IA
BRO,25.907238,-97.425235,Brownsville,US-TX
BRY,37.8143005371,-85.4996032715,Bardstown,US-KY
BTF,40.8694000244,-111.927001953,Bountiful,US-UT
BTL,42.307301,-85.251503,Battle Creek,US-MI
BTM,45.95479965209961,-112.49700164794922,Butte,US-MT
TTO,45.815200805664,-97.743103027344,Britton,US-SD
BTP,40.776901,-79.949699,Butler,US-PA
BTR,30.533199,-91.149597,Baton Rouge,US-LA
BTV,44.471901,-73.153297,Burlington,US-VT
BTY,36.8610992432,-116.787002563,Beatty,US-NV
BUB,41.776699066199996,-99.14969635010002,Burwell,US-NE
BUF,42.940498,-78.732201,Buffalo,US-NY
BUM,38.2897987366,-94.3401031494,Butler,US-MO
BUR,34.202834,-118.35805,Burbank,US-CA
BFP,40.772499,-80.391403,Beaver Falls,US-PA
BVO,36.762501,-96.0112,Bartlesville,US-OK
MVW,48.470901,-122.420998,Burlington,US-WA
BVX,35.7262,-91.647301,Batesville,US-AR
BVY,42.584202,-70.916496,Beverly / Danvers,US-MA
BWC,32.99290085,-115.5169983,Brawley,US-CA
BWD,31.793600082399998,-98.9564971924,Brownwood,US-TX
BWG,36.964500427199994,-86.41970062259999,Bowling Green,US-KY
BWI,39.1754,-76.668297,Baltimore,US-MD
WAH,46.2440986633,-96.6073989868,Wahpeton,US-ND
BWM,46.165519,-103.30075,Bowman,US-ND
BXA,30.813699722299997,-89.8649978638,Bogalusa,US-LA
BXK,33.422397,-112.686317,Buckeye,US-AZ
NHZ,43.89220047,-69.93859863,Brunswick,US-ME
BYG,44.3811,-106.722,Buffalo,US-WY
BYH,35.9642982483,-89.94400024410001,Blytheville,US-AR
BYI,42.542598724399994,-113.772003174,Burley,US-ID
BYS,35.2804985046,-116.629997253,Fort Irwin/Barstow,US-CA
BBC,28.973301,-95.863503,Bay City,US-TX
BZN,45.778853,-111.153711,Bozeman,US-MT
XES,42.614899,-88.389603,Lake Geneva,US-WI
PLY,41.365101,-86.300499,Plymouth,US-IN
CLG,36.163101,-120.293999,Coalinga,US-CA
CAD,44.275749,-85.421534,Cadillac,US-MI
CAE,33.938172,-81.123022,Columbia,US-SC
CIG,40.4952011108,-107.522003174,Craig,US-CO
CAK,40.916099548339844,-81.44219970703125,Akron,US-OH
CAO,36.4462013245,-103.166999817,Clayton,US-NM
CAR,46.871498,-68.017899,Caribou,US-ME
CBE,39.615398,-78.760902,Wiley Ford,US-WV
CBF,41.2592010498,-95.760597229,Council Bluffs,US-IA
CBK,39.42750168,-101.0469971,Colby,US-KS
CBM,33.643799,-88.443802,Columbus,US-MS
CCB,34.111599,-117.688004,Upland,US-CA
CCR,37.9897,-122.056999,Concord,US-CA
CCY,43.0726013184,-92.6108016968,Charles City,US-IA
LLX,44.5690994263,-72.0179977417,Lyndonville,US-VT
CDC,37.70100021362305,-113.0989990234375,Cedar City,US-UT
CDH,33.622798919699996,-92.7633972168,Camden,US-AR
CDK,29.134095,-83.050783,Cedar Key,US-FL
CDN,34.2835998535,-80.56490325930001,Camden,US-SC
CDR,42.837601,-103.095001,Chadron,US-NE
CDS,34.4337997437,-100.288002014,Childress,US-TX
CDW,40.875198364300005,-74.2814025879,Caldwell,US-NJ
CEA,37.648601532,-97.2506027222,Wichita,US-KS
CEC,41.778929,-124.236403,Crescent City,US-CA
CEF,42.194,-72.534798,Chicopee,US-MA
CEU,34.6719017,-82.8864975,Clemson,US-SC
CEV,39.6985015869,-85.129699707,Connersville,US-IN
CEW,30.778799057,-86.522102356,Crestview,US-FL
CEY,36.6646,-88.372803,Murray,US-KY
CEZ,37.303001,-108.627998,Cortez,US-CO
CFD,30.715700149499998,-96.3313980103,Bryan,US-TX
TZC,43.458801,-83.445503,Caro,US-MI
CFT,32.957039,-109.211397,Clifton,US-AZ
CFV,37.09400177,-95.5718994141,Coffeyville,US-KS
CGE,38.53929901,-76.03040314,Cambridge,US-MD
CGF,41.5651016235,-81.4863967896,Cleveland,US-OH
CGI,37.2253,-89.570801,Cape Girardeau,US-MO
CGS,38.9805984497,-76.9223022461,College Park,US-MD
CGZ,32.954899,-111.766998,Casa Grande,US-AZ
CHA,35.035301,-85.203796,Chattanooga,US-TN
CHK,35.09740067,-97.96769714,Chickasha,US-OK
CHO,38.13859939575195,-78.4529037475586,Charlottesville,US-VA
CHS,32.896159,-80.038151,Charleston,US-SC
CIC,39.795595,-121.857716,Chico,US-CA
CID,41.884701,-91.7108,Cedar Rapids,US-IA
CIN,42.0461997986,-94.78900146480001,Carroll,US-IA
CIR,37.064499,-89.219597,Cairo,US-IL
CIU,46.242038,-84.462082,Kincheloe,US-MI
CKA,36.734348,-98.123531,Cherokee,US-OK
CKB,39.2966,-80.228104,Bridgeport,US-WV
GRM,47.8382987976,-90.38289642330001,Grand Marais,US-MN
CKM,34.2997016907,-90.512298584,Clarksdale,US-MS
CKN,47.8417015076,-96.62159729,Crookston,US-MN
CKV,36.6218986511,-87.4150009155,Clarksville,US-TN
KCL,56.310776,-158.534818,Chignik Flats,US-AK
CLE,41.411701,-81.8498,Cleveland,US-OH
CLI,44.613800048799995,-88.731300354,Clintonville,US-WI
CLK,35.5383,-98.932701,Clinton,US-OK
CLL,30.5886,-96.3638,College Station,US-TX
CLM,48.120201,-123.5,Port Angeles,US-WA
CLR,33.131500244099996,-115.521003723,Calipatria,US-CA
CLS,46.676998,-122.983002,Chehalis,US-WA
CLT,35.2140007019043,-80.94309997558594,Charlotte,US-NC
CLW,27.9766998291,-82.7586975098,Clearwater,US-FL
CMH,39.998001,-82.891899,Columbus,US-OH
CMI,40.039819,-88.276249,Savoy,US-IL
CMX,47.168399810791016,-88.48909759521484,Hancock,US-MI
CMY,43.958009,-90.737886,Sparta,US-WI
CNH,43.3703994751,-72.36869812009999,Claremont,US-NH
CNK,39.549301147499996,-97.6522979736,Concordia,US-KS
CNM,32.337501525878906,-104.26300048828125,Carlsbad,US-NM
CNO,33.97470093,-117.637001,Chino,US-CA
CNU,37.668173,-95.486727,Chanute,US-KS
CNW,31.641129,-97.073335,Waco,US-TX
CNY,38.755001,-109.754997,Moab,US-UT
COD,44.520199,-109.024002,Cody,US-WY
COE,47.7743,-116.82,Coeur d'Alene,US-ID
COF,28.2349,-80.6101,Cocoa Beach,US-FL
COI,28.341600418099997,-80.6855010986,Merritt Island,US-FL
COM,31.841100692699996,-99.4036026001,Coleman,US-TX
CON,43.20270157,-71.50229645,Concord,US-NH
COS,38.805801,-104.700996,Colorado Springs,US-CO
COT,28.45669937,-99.22029877,Cotulla,US-TX
COU,38.8181,-92.219597,Columbia,US-MO
CPM,33.8899993896,-118.244003296,Compton,US-CA
CPR,42.907381,-106.461609,Casper,US-WY
CPS,38.570701599100005,-90.1561965942,Cahokia/St Louis,US-IL
HCW,34.712898,-79.957001,Cheraw,US-SC
KCR,63.571196,-156.006653,Colorado Creek,US-AK
CRE,33.8116989136,-78.72389984130001,North Myrtle Beach,US-SC
CRG,30.3362998962,-81.51439666750001,Jacksonville,US-FL
CRP,27.770399,-97.501198,Corpus Christi,US-TX
CLD,33.1283,-117.279999,Carlsbad,US-CA
CRS,32.0280990601,-96.4005966187,Corsicana,US-TX
CRT,33.1782989502,-91.8802032471,Crossett,US-AR
CRW,38.3731,-81.593201,Charleston,US-WV
CRX,34.9150009155,-88.6035003662,Corinth,US-MS
CSG,32.516415,-84.939602,Columbus,US-GA
CSM,35.3398017883,-99.20050048830001,Clinton,US-OK
CSQ,41.021400451699996,-94.36329650879999,Creston,US-IA
CSV,35.95131,-85.08499,Crossville,US-TN
CTB,48.608657,-112.378183,Cut Bank,US-MT
CTY,29.6354999542,-83.10479736330001,Cross City,US-FL
CTZ,34.9756011963,-78.3646011353,Clinton,US-NC
CUB,33.970500946,-80.9952011108,Columbia,US-SC
CUH,35.950496,-96.772371,Cushing,US-OK
CVG,39.048801,-84.667801,Cincinnati / Covington,US-KY
HLI,36.8932991028,-121.410003662,Hollister,US-CA
CKK,36.26490021,-91.56259918,Ash Flat,US-AR
CVN,34.426594,-103.078794,Clovis,US-NM
CVO,44.49720001,-123.2900009,Corvallis,US-OR
CVS,34.382801,-103.321999,Clovis,US-NM
CWA,44.777448,-89.670238,Mosinee,US-WI
KIP,33.85779953,-98.49040222,Wichita Falls,US-TX
CWF,30.2106,-93.143204,Lake Charles,US-LA
CWI,41.8311004639,-90.3291015625,Clinton,US-IA
CXL,32.6694984436,-115.513000488,Calexico,US-CA
CXO,30.351801,-95.414497,Houston,US-TX
CSN,39.194331,-119.734312,Carson City,US-NV
HAR,40.2170982361,-76.85150146480001,Harrisburg,US-PA
CYS,41.155701,-104.811997,Cheyenne,US-WY
CZK,45.676599,-121.878879,Cascade Locks,US-OR
CZT,28.522199630699998,-99.823600769,Carrizo Springs,US-TX
VEX,48.38050079,-102.8980026,Tioga,US-ND
DAA,38.715000152600005,-77.1809997559,Fort Belvoir,US-VA
DAB,29.18255,-81.059464,Daytona Beach,US-FL
DAG,34.85369873,-116.7870026,Daggett,US-CA
DAL,32.844776,-96.847653,Dallas,US-TX
DAN,36.572899,-79.336098,Danville,US-VA
DAY,39.902401,-84.219398,Dayton,US-OH
DBN,32.5644,-82.985298,Dublin,US-GA
DBQ,42.402,-90.709503,Dubuque,US-IA
DCA,38.8521,-77.037697,Washington,US-DC
DCU,34.652698516799994,-86.94539642330001,Decatur,US-AL
DDC,37.76340103149414,-99.9655990600586,Dodge City,US-KS
DEC,39.834598541259766,-88.8656997680664,Decatur,US-IL
DEH,43.275501,-91.739403,Decorah,US-IA
DEN,39.860027,-104.673792,Denver,US-CO
DET,42.40919876,-83.00990295,Detroit,US-MI
DFI,41.3375015259,-84.4288024902,Defiance,US-OH
DFW,32.896801,-97.038002,Dallas-Fort Worth,US-TX
DGL,31.3425998688,-109.505996704,Douglas,US-AZ
DGW,42.79719925,-105.3860016,Douglas,US-WY
DHN,31.321300506591797,-85.44960021972656,Dothan,US-AL
DHT,36.0225982666,-102.54699707,Dalhart,US-TX
DIK,46.797533,-102.801905,Dickinson,US-ND
DKK,42.49247,-79.273102,Dunkirk,US-NY
DLL,34.4491004944,-79.368598938,Dillon,US-SC
DLF,29.359501,-100.778002,Del Rio,US-TX
DLH,46.841873,-92.198746,Duluth,US-MN
DLN,45.255401611299995,-112.553001404,Dillon,US-MT
DLS,45.620979,-121.170777,Dallesport / The Dalles,US-OR
DMA,32.1665000916,-110.883003235,Tucson,US-AZ
DMN,32.262298584,-107.721000671,Deming,US-NM
DMO,38.70740127559999,-93.17590332030001,Sedalia,US-MO
DNL,33.4664993286,-82.0393981934,Augusta,US-GA
DNN,34.72290039,-84.87020111,Dalton,US-GA
DNS,41.9864006,-95.38069916,Denison,US-IA
DNV,40.199124,-87.59663,Danville,US-IL
DOV,39.129501,-75.466003,Dover,US-DE
DPA,41.90779877,-88.24859619,Chicago/West Chicago,US-IL
DPG,40.197396,-112.935094,Dugway Proving Ground,US-UT
DRA,36.6194,-116.032997,Mercury,US-NV
DRI,30.831699,-93.339897,DeRidder,US-LA
DRE,46.0093002319,-83.74389648440001,Drummond Island,US-MI
DRO,37.151501,-107.753998,Durango,US-CO
DRT,29.3742008209,-100.927001953,Del Rio,US-TX
DSM,41.534027,-93.656719,Des Moines,US-IA
DSV,42.570545,-77.713273,Dansville,US-NY
DTA,39.3805999756,-112.508003235,Delta,US-UT
DTL,46.824301,-95.883322,Detroit Lakes,US-MN
DTN,32.5401992798,-93.7450027466,Shreveport,US-LA
DSI,30.400101,-86.471497,Destin,US-FL
DTW,42.21377,-83.353786,Detroit,US-MI
DUA,33.939675,-96.395072,Durant,US-OK
DUC,34.47090149,-97.9598999,Duncan,US-OK
DUG,31.464139,-109.60456,Douglas Bisbee,US-AZ
DUJ,41.17829895,-78.8986969,Dubois,US-PA
DVL,48.115454,-98.908796,Devils Lake,US-ND
DVN,41.610432,-90.589693,Davenport,US-IA
NOT,38.143600463867,-122.55599975586,Novato,US-CA
NSL,43.986801,-95.7826,Slayton,US-MN
DVT,33.6883010864,-112.083000183,Phoenix,US-AZ
DWH,30.0618000031,-95.55280303960001,Houston,US-TX
DXR,41.371656,-73.482227,Danbury,US-CT
DYL,40.3330001831,-75.1222991943,Doylestown,US-PA
DYS,32.420799,-99.854599,Abilene,US-TX
MIF,31.582500457764,-102.90899658203,Monahans,US-TX
CCG,31.415100097699998,-102.362998962,Crane,US-TX
ESO,36.026133,-106.045443,Espanola,US-NM
WTR,33.810175,-109.986555,Whiteriver,US-AZ
ALE,30.384199,-103.683998,Alpine,US-TX
BGT,34.592796,-113.171993,Bagdad,US-AZ
EAN,42.0555,-104.929001,Wheatland,US-WY
EAR,40.727001,-99.006798,Kearney,US-NE
EAT,47.398899,-120.207001,Wenatchee,US-WA
EAU,44.86579895019531,-91.48429870605469,Eau Claire,US-WI
KEB,59.3521,-151.925003,Nanwalek,US-AK
EBS,42.436848,-93.869905,Webster City,US-IA
ECG,36.260601,-76.174599,Elizabeth City,US-NC
ECP,30.357106,-85.795414,Panama City Beach,US-FL
ECS,43.88379,-104.314156,Newcastle,US-WY
EDE,36.027698516799994,-76.56710052490001,Edenton,US-NC
ETS,31.29969978,-85.89990234,Enterprise,US-AL
EDW,34.910781,-117.886391,Edwards,US-CA
EED,34.7663002014,-114.623001099,Needles,US-CA
EEN,42.898399,-72.270798,Keene,US-NH
EFD,29.607299804700002,-95.1587982178,Houston,US-TX
EFK,44.888802,-72.229202,Newport,US-VT
EFW,42.009866,-94.341717,Jefferson,US-IA
EGE,39.64260101,-106.9179993,Eagle,US-CO
EGI,30.65040016,-86.52290344,Crestview,US-FL
EGV,45.932300567599995,-89.26830291750001,Eagle River,US-WI
KEK,59.3568,-157.470993,Ekwok,US-AK
EKA,40.803398,-124.112999,Eureka,US-CA
EKI,41.7193984985,-86.00319671630001,Elkhart,US-IN
EKN,38.889759,-79.857651,Elkins,US-WV
EKO,40.82490158081055,-115.79199981689453,Elko,US-NV
EKX,37.686001,-85.925003,Elizabethtown,US-KY
ELA,29.600599288900003,-96.3218994141,Eagle Lake,US-TX
ELD,33.221001,-92.813301,El Dorado,US-AR
ELK,35.43080139,-99.39430237,Elk City,US-OK
ELM,42.1599006652832,-76.8916015625,Elmira/Corning,US-NY
ELN,47.03300095,-120.5309982,Ellensburg,US-WA
LYU,47.82450104,-91.83070374,Ely,US-MN
ELP,31.809908,-106.375607,El Paso,US-TX
ELY,39.29970169,-114.8420029,Ely,US-NV
ELZ,42.109501,-77.989998,Wellsville,US-NY
EMM,41.82410049439999,-110.556999207,Kemmerer,US-WY
EMP,38.3320999146,-96.19120025630001,Emporia,US-KS
EMT,34.086102,-118.035004,El Monte,US-CA
END,36.339199,-97.916496,Enid,US-OK
ENL,38.515099,-89.091103,Centralia,US-IL
ENV,40.7187004089,-114.03099823,Wendover,US-UT
ENW,42.59569931,-87.92780304,Kenosha,US-WI
EOK,40.459899902299995,-91.4284973145,Keokuk,US-IA
EOS,36.810799,-94.391701,Neosho,US-MO
EPH,47.307598,-119.515999,Ephrata,US-WA
EDK,37.7741012573,-96.81759643550001,El Dorado,US-KS
ERI,42.083127,-80.173867,Erie,US-PA
ERR,44.7925,-71.1642,Errol,US-NH
ERV,29.9767,-99.085701,Kerrville,US-TX
ESC,45.723199,-87.088623,Escanaba,US-MI
ESF,31.394266,-92.294082,Alexandria,US-LA
ESN,38.804199,-76.069,Easton,US-MD
EST,43.407398,-94.746399,Estherville,US-IA
ESW,47.2541999817,-121.185997009,Easton,US-WA
ETB,43.422278,-88.128966,West Bend,US-WI
ETN,32.4135017395,-98.80979919430001,Eastland,US-TX
EUF,31.9512996674,-85.1288986206,Eufaula,US-AL
EUG,44.124599,-123.211998,Eugene,US-OR
EVM,47.42458,-92.499204,Eveleth,US-MN
EVV,38.0369987488,-87.5324020386,Evansville,US-IN
EVW,41.27479935,-111.0350037,Evanston,US-WY
EWB,41.67610168457031,-70.95690155029297,New Bedford,US-MA
EWK,38.058200836199994,-97.2744979858,Newton,US-KS
EWN,35.0730018616,-77.04290008539999,New Bern,US-NC
EWR,40.6894,-74.170545,Newark,US-NJ
EYW,24.556119,-81.759579,Key West,US-FL
WIB,34.2257003784,-99.2837982178,Vernon,US-TX
RBK,33.5742,-117.127998,Murrieta,US-CA
FAF,37.1325,-76.608803,Newport News (Fort Eustis),US-VA
FAM,37.761101,-90.428597,Farmington,US-MO
FAR,46.9207,-96.815804,Fargo,US-ND
FAT,36.775767,-119.718018,Fresno,US-CA
FAY,34.991199,-78.880302,Fayetteville,US-NC
FBG,35.13180161,-78.93669891,Fort Bragg,US-NC
FBL,44.32844,-93.312534,Faribault,US-MN
FBR,41.3918991089,-110.406997681,Fort Bridger,US-WY
FBY,40.182998657199995,-97.16929626459999,Fairbury,US-NE
FCH,36.732399,-119.82,Fresno,US-CA
FCM,44.8272018433,-93.45709991460001,Minneapolis,US-MN
FCS,38.67839813,-104.7570038,Fort Carson,US-CO
FCY,34.942001342800005,-90.7750015259,Forrest City,US-AR
FDK,39.417598724399994,-77.3742980957,Frederick,US-MD
FDR,34.35200119,-98.98390198,Frederick,US-OK
FDY,41.013500213600004,-83.66870117190001,Findlay,US-OH
FEP,42.2462005615,-89.58200073239999,Freeport,US-IL
FET,41.45024,-96.522884,Fremont,US-NE
FFA,36.0181999207,-75.67130279540001,Kill Devil Hills,US-NC
FFL,41.053024,-91.980114,Fairfield,US-IA
FFM,46.28440094,-96.15670013,Fergus Falls,US-MN
FFO,39.826099,-84.048302,Dayton,US-OH
FFT,38.181698,-84.906764,Frankfort,US-KY
MSC,33.4608,-111.727997,Mesa,US-AZ
FRD,48.523654,-123.024645,Friday Harbor,US-WA
FHU,31.587383,-110.348225,Fort Huachuca / Sierra Vista,US-AZ
FKL,41.3778991699,-79.8603973389,Franklin,US-PA
FKN,36.698101,-76.903801,Franklin,US-VA
FLD,43.7711982727,-88.48840332030001,Fond du Lac,US-WI
FLG,35.139757,-111.669826,Flagstaff,US-AZ
FLL,26.072599,-80.152702,Fort Lauderdale,US-FL
FLO,34.18539810180664,-79.7238998413086,Florence,US-SC
FLP,36.29090118,-92.59030151,Flippin,US-AR
FLV,39.3683013916,-94.9147033691,Fort Leavenworth,US-KS
FLX,39.4990997314,-118.749000549,Fallon,US-NV
FME,39.0854,-76.759399,Fort Meade(Odenton),US-MD
FMH,41.657899,-70.52163,Falmouth,US-MA
FMN,36.741199,-108.230003,Farmington,US-NM
FMY,26.58659935,-81.86329650879999,Fort Myers,US-FL
FNL,40.44969,-105.011272,Loveland,US-CO
FNT,42.969294,-83.743355,Flint,US-MI
FOD,42.552624,-94.191237,Fort Dodge,US-IA
FOE,38.950901,-95.663597,Topeka,US-KS
FOK,40.8437004089,-72.6317977905,Westhampton Beach,US-NY
FIL,38.95830154,-112.362999,Fillmore,US-UT
FPR,27.4951,-80.368301,Fort Pierce,US-FL
FRG,40.728576,-73.414267,East Farmingdale,US-NY
FRH,38.5061988831,-86.63690185550001,French Lick,US-IN
FRI,39.053021,-96.764202,Fort Riley (Junction City),US-KS
FRM,43.643901825,-94.4156036377,Fairmont,US-MN
FRR,38.9175,-78.253502,Front Royal,US-VA
FSD,43.585463,-96.741152,Sioux Falls,US-SD
FSI,34.649799,-98.402199,Fort Sill,US-OK
FSK,37.7984008789,-94.7694015503,Fort Scott,US-KS
FSM,35.336601,-94.367401,Fort Smith,US-AR
FST,30.9157009125,-102.916000366,Fort Stockton,US-TX
FSU,34.4833984375,-104.217002869,Fort Sumner,US-NM
FMS,40.659113,-91.327763,Fort Madison,US-IA
FTK,37.907100677500004,-85.9720993042,Fort Knox,US-KY
FTW,32.819919,-97.360818,Fort Worth,US-TX
FTY,33.7790985107,-84.5214004517,Atlanta,US-GA
FUL,33.8720016479,-117.980003357,Fullerton,US-CA
WFK,47.2854995728,-68.31279754639999,Frenchville,US-ME
FWA,40.978896,-85.194465,Fort Wayne,US-IN
FXE,26.1972999573,-80.1707000732,Fort Lauderdale,US-FL
FXY,43.23469925,-93.62409973,Forest City,US-IA
FYM,35.059700012200004,-86.5640029907,Fayetteville,US-TN
FYV,36.00510025024414,-94.17009735107422,Fayetteville,US-AR
GAB,38.923173,-117.9572,Gabbs,US-NV
GAD,33.972599,-86.088996,Gadsden,US-AL
GAG,36.295502,-99.776398,Gage,US-OK
GAI,39.168301,-77.166,Gaithersburg,US-MD
GBD,38.344299,-98.8592,Great Bend,US-KS
GBG,40.937999725299996,-90.431098938,Galesburg,US-IL
GBR,42.18420029,-73.40319824,Great Barrington,US-MA
GCC,44.3489,-105.539001,Gillette,US-WY
JDA,44.404202,-118.962997,John Day,US-OR
GCK,37.9275016785,-100.723999023,Garden City,US-KS
GCN,35.9524,-112.147003,Grand Canyon - Tusayan,US-AZ
GCY,36.195648,-82.811482,Greeneville,US-TN
GDM,42.5499992371,-72.0160980225,Gardner,US-MA
GDV,47.137658,-104.80691,Glendive,US-MT
GDW,43.9706001282,-84.47499847410002,Gladwin,US-MI
GED,38.689201,-75.358902,Georgetown,US-DE
GEG,47.6199,-117.533997,Spokane,US-WA
GEY,44.51679993,-108.0830002,Greybull,US-WY
GFD,39.790715,-85.735019,Greenfield,US-IN
GFK,47.949299,-97.176102,Grand Forks,US-ND
GFL,43.3412017822,-73.6102981567,Glens Falls,US-NY
GGE,33.3116989136,-79.3196029663,Georgetown,US-SC
GGG,32.38399887084961,-94.71150207519531,Longview,US-TX
GGW,48.212502,-106.614998,Glasgow,US-MT
GHM,35.8373985291,-87.44539642330001,Centerville,US-TN
IDH,45.9426,-116.123001,Grangeville,US-ID
GIF,28.062901,-81.753304,Winter Haven,US-FL
GJT,39.126663,-108.529387,Grand Junction,US-CO
MEJ,41.626499,-80.214699,Meadville,US-PA
GKT,35.85779953,-83.52870178219999,Sevierville,US-TN
GLD,39.370701,-101.699753,Goodland,US-KS
GLE,33.651401519800004,-97.1969985962,Gainesville,US-TX
GLH,33.482899,-90.985603,Greenville,US-MS
GLR,45.013500213600004,-84.7035980225,Gaylord,US-MI
GLS,29.265301,-94.860397,Galveston,US-TX
GLW,37.03179932,-85.9536972,Glasgow,US-KY
GMU,34.847903,-82.350217,Greenville,US-SC
GNG,42.91719818,-114.7649994,Gooding,US-ID
GNT,35.167301178,-107.902000427,Grants,US-NM
GNV,29.6900997162,-82.2717971802,Gainesville,US-FL
GOK,35.84980011,-97.41560364,Guthrie,US-OK
GON,41.330101,-72.045097,Groton,US-CT
FCA,48.310501,-114.255997,Kalispell,US-MT
GPT,30.405582,-89.069836,Gulfport,US-MS
GPZ,47.21110153,-93.50980377,Grand Rapids,US-MN
GQQ,40.7533988953,-82.7238006592,Galion,US-OH
GRB,44.483459,-88.130805,Green Bay,US-WI
GRD,34.248699,-82.159103,Greenwood,US-SC
GRE,38.836844,-89.376525,Greenville,US-IL
GRF,47.07920074,-122.5810013,Fort Lewis/Tacoma,US-WA
GRI,40.967498779296875,-98.30960083007812,Grand Island,US-NE
GRK,31.0672,-97.828903,Fort Cavazos,US-TX
GRN,42.8059997559,-102.175003052,Gordon,US-NE
GRR,42.880798,-85.522797,Grand Rapids,US-MI
GSB,35.339401,-77.960602,Goldsboro,US-NC
GSH,41.526401519800004,-85.79290008539999,Goshen,US-IN
GSO,36.09937,-79.937262,Greensboro,US-NC
GSP,34.895699,-82.218903,Greenville/Greer/Spartanburg,US-SC
GTF,47.481998,-111.371002,Great Falls,US-MT
GTG,45.7980995178,-92.6643981934,Grantsburg,US-WI
GTR,33.450298,-88.5914,Columbus/W Point/Starkville,US-MS
GUC,38.534672,-106.934566,Gunnison,US-CO
GUP,35.511653,-108.788166,Gallup,US-NM
GUS,40.648102,-86.1521,Peru,US-IN
GUY,36.6851005554,-101.508003235,Guymon,US-OK
GVE,38.155998,-78.165802,Gordonsville,US-VA
GVL,34.27259827,-83.8302002,Gainesville,US-GA
GVT,33.0677986145,-96.0652999878,Greenville,US-TX
GWO,33.495025,-90.088204,Greenwood,US-MS
GWS,39.5083007812,-107.310997009,Glenwood Springs,US-CO
KGX,62.895187,-160.066289,Grayling,US-AK
GXY,40.4374008179,-104.633003235,Greeley,US-CO
GDC,34.758301,-82.376404,Greenville,US-SC
PNX,33.7141,-96.673698,Denison,US-TX
GYR,33.4225006104,-112.375999451,Goodyear,US-AZ
GYY,41.617087,-87.413206,Gary,US-IN
KGZ,61.4551010132,-142.380996704,Glacier Creek,US-AK
HAB,34.11759949,-87.99819946,Hamilton,US-AL
HAF,37.513401031499995,-122.500999451,Half Moon Bay,US-CA
HAI,41.959801,-85.593399,Three Rivers,US-MI
HAO,39.363800048799995,-84.5220031738,Hamilton,US-OH
HBG,31.26479912,-89.25279999,Hattiesburg,US-MS
HBR,34.991317,-99.051313,Hobart,US-OK
HDE,40.452099,-99.336502,Holdrege,US-NE
HDN,40.481201,-107.218002,Hayden,US-CO
HEE,34.576571,-90.67616,West Helena,US-AR
MNZ,38.721401,-77.515404,Manassas,US-VA
HEZ,31.614817,-91.297331,Natchez,US-MS
HFD,41.736698150635,-72.649398803711,Hartford,US-CT
HFF,35.036087,-79.498615,Hoffman,US-NC
HGR,39.708771,-77.728014,Hagerstown,US-MD
HHR,33.922798,-118.334999,Hawthorne,US-CA
HUJ,34.03480148,-95.54190063,Hugo,US-OK
HIB,47.384831,-92.836905,Hibbing,US-MN
HIE,44.36752,-71.545765,Whitefield,US-NH
HIF,41.12403,-111.973086,Ogden,US-UT
HII,34.570506,-114.357745,Lake Havasu City,US-AZ
HIO,45.540401,-122.949997,Portland,US-OR
HKA,35.940399169900004,-89.83080291750001,Blytheville,US-AR
HKS,32.33449936,-90.22219849,Jackson,US-MS
HKY,35.74110031,-81.38950348,Hickory,US-NC
HLB,39.342861,-85.258441,Batesville,US-IN
HLC,39.37879944,-99.83149719,Hill City,US-KS
HLG,40.1749992371,-80.6463012695,Wheeling,US-WV
HLN,46.6068,-111.983002,Helena,US-MT
HMN,32.852501,-106.107002,Alamogordo,US-NM
HMT,33.7340011597,-117.023002625,Hemet,US-CA
HNB,38.2490005493,-86.95369720459999,Huntingburg,US-IN
HSH,35.9728012085,-115.134002686,Las Vegas,US-NV
HOB,32.6875,-103.217003,Hobbs,US-NM
HON,44.385201,-98.2285,Huron,US-SD
HOP,36.674154,-87.48974,Fort Campbell,US-KY
HOT,34.4788,-93.096262,Hot Springs,US-AR
HOU,29.645336,-95.276812,Houston,US-TX
HPN,41.06700134277344,-73.70760345458984,White Plains,US-NY
HPT,42.7237014771,-93.22630310059999,Hampton,US-IA
HPY,29.786100387599998,-94.95269775390001,Baytown,US-TX
HQM,46.971199035599994,-123.93699646,Hoquiam,US-WA
HES,45.828223,-119.259024,Hermiston,US-OR
HRL,26.228500366210938,-97.65440368652344,Harlingen,US-TX
HRO,36.26150131225586,-93.15470123291016,Harrison,US-AR
HSB,37.811298,-88.550301,Harrisburg,US-IL
HNC,35.232799530029,-75.617797851562,Hatteras,US-NC
THP,43.713602,-108.389687,Thermopolis,US-WY
HSI,40.6053009033,-98.42790222170001,Hastings,US-NE
HSP,37.95140076,-79.83390045,Hot Springs,US-VA
HST,25.4886,-80.383598,Homestead,US-FL
HSV,34.636244,-86.774378,Huntsville,US-AL
HTH,38.544399,-118.634002,Hawthorne,US-NV
HTL,44.359798,-84.671095,Houghton Lake,US-MI
HTO,40.959954,-72.25105,East Hampton,US-NY
HTS,38.366699,-82.557999,Huntington,US-WV
HTW,38.419082,-82.494922,South Point,US-OH
HUA,34.67869949,-86.68479919,Redstone Arsnl Huntsville,US-AL
HUF,39.4515,-87.307602,Terre Haute,US-IN
HUL,46.1231002808,-67.792098999,Houlton,US-ME
HUM,29.5664997101,-90.6604003906,Houma,US-LA
HUT,38.0654983521,-97.86060333250002,Hutchinson,US-KS
HVE,38.417999267599996,-110.70400238,Hanksville,US-UT
HVN,41.262869,-72.887694,New Haven,US-CT
HVR,48.541387,-109.762859,Havre,US-MT
HVS,34.4030990601,-80.11920166019999,Hartsville,US-SC
HWD,37.659198761,-122.122001648,Hayward,US-CA
HWO,26.0012,-80.2407,Hollywood,US-FL
WSH,40.821899,-72.8694,Shirley,US-NY
HHH,32.2244,-80.697502,Hilton Head Island,US-SC
HYA,41.6693,-70.280403,Hyannis,US-MA
HYR,46.025199890100005,-91.44429779050002,Hayward,US-WI
HYS,38.844521,-99.273148,Hays,US-KS
HZL,40.986801147499996,-75.9949035645,Hazleton,US-PA
JFN,41.778,-80.695503,Ashtabula,US-OH
IAB,37.621899,-97.268204,Wichita,US-KS
IAD,38.9445,-77.455803,Dulles,US-VA
IAG,43.1073,-78.946198,Niagara Falls,US-NY
IAH,29.9844,-95.3414,Houston,US-TX
ICL,40.72180176,-95.02639771,Clarinda,US-IA
ICT,37.650314,-97.428583,Wichita,US-KS
IDA,43.514599,-112.070999,Idaho Falls,US-ID
IDG,42.3326,-95.444901,Ida Grove,US-IA
IDI,40.631119,-79.101884,Indiana,US-PA
IDP,37.1584014893,-95.77839660640001,Independence,US-KS
XPR,43.020902,-102.506089,Pine Ridge,US-SD
IFA,42.4707984924,-93.2699966431,Iowa Falls,US-IA
IFP,35.154726,-114.559322,Bullhead City,US-AZ
IGM,35.259499,-113.938004,Kingman,US-AZ
IJX,39.774601,-90.238297,Jacksonville,US-IL
IKK,41.07139968869999,-87.8462982178,Kankakee,US-IL
ILE,31.0858001709,-97.6865005493,Killeen,US-TX
ILG,39.678699,-75.606499,Wilmington,US-DE
ILM,34.272345,-77.905117,Wilmington,US-NC
ILN,39.427898407,-83.792098999,Wilmington,US-OH
IML,40.50930023,-101.6210022,Imperial,US-NE
IMM,26.427933,-81.403531,Immokalee,US-FL
MDN,38.75889969,-85.46549988,Madison,US-IN
IMT,45.81911,-88.114557,Kingsford,US-MI
IND,39.7173,-86.294403,Indianapolis,US-IN
INK,31.7796,-103.200996,Wink,US-TX
INL,48.566200256347656,-93.4030990600586,International Falls,US-MN
INS,36.587200164799995,-115.672996521,Indian Springs,US-NV
INT,36.13370132446289,-80.22200012207031,Winston Salem,US-NC
INW,35.021900177,-110.722999573,Winslow,US-AZ
IOW,41.639198303200004,-91.5465011597,Iowa City,US-IA
IPL,32.83539,-115.574026,Imperial,US-CA
IPT,41.242126,-76.92245,Williamsport,US-PA
IRK,40.09349822998047,-92.5448989868164,Kirksville,US-MO
IRS,41.813301,-85.439003,Sturgis,US-MI
ISM,28.2898006439,-81.4371032715,Orlando,US-FL
ISO,35.331401825,-77.60880279540001,Kinston,US-NC
ISP,40.796324,-73.101703,Islip,US-NY
ISQ,45.974602,-86.171799,Manistique,US-MI
ISW,44.3602981567,-89.83899688720001,Wisconsin Rapids,US-WI
ITH,42.49100112915039,-76.4583969116211,Ithaca,US-NY
AZA,33.3078,-111.654999,Mesa,US-AZ
IWD,46.525298,-90.131578,Ironwood,US-MI
ISS,43.9613990784,-69.712600708,Wiscasset,US-ME
IWS,29.818199,-95.6726,Houston,US-TX
JCI,38.830898,-94.890297,New Century,US-KS
IYK,35.65879822,-117.8300018,Inyokern,US-CA
SQA,34.60680008,-120.0759964,Santa Ynez,US-CA
FRY,43.991100311299995,-70.9478988647,Fryeburg,US-ME
JAC,43.6073,-110.737999,Jackson,US-WY
JAN,32.311199,-90.075897,Jackson,US-MS
JAS,30.8857,-94.034897,Jasper,US-TX
JAX,30.492469,-81.687813,Jacksonville,US-FL
JBR,35.83169937133789,-90.64640045166016,Jonesboro,US-AR
JCT,30.5112991333,-99.7634963989,Junction,US-TX
JDN,47.3288,-106.953003,Jordan,US-MT
JEF,38.5912017822,-92.15609741210001,Jefferson City,US-MO
JFK,40.639447,-73.779317,New York,US-NY
JHW,42.15425,-79.254008,Jamestown,US-NY
GUF,30.290501,-87.671799,Gulf Shores,US-AL
JLN,37.151798,-94.498299,Joplin,US-MO
JMS,46.92969894,-98.67819977,Jamestown,US-ND
JOT,41.51779938,-88.17549896,Joliet,US-IL
USA,35.387798,-80.709099,Concord,US-NC
JKV,31.8693008423,-95.2173995972,Jacksonville,US-TX
JST,40.31610107421875,-78.83390045166016,Johnstown,US-PA
JVL,42.620300293,-89.0416030884,Janesville,US-WI
JXN,42.260509,-84.463019,Jackson,US-MI
OSB,38.1105,-92.680496,Osage Beach,US-MO
KIC,36.2280006409,-121.122001648,King City,US-CA
KLS,46.11800003049999,-122.898002625,Kelso,US-WA
KNB,37.011101,-112.530998,Kanab,US-UT
KKU,58.8111991882,-158.559005737,Ekuk,US-AK
DTH,36.463799,-116.880997,Death Valley,US-CA
BXS,33.2589988708,-116.320999146,Borrego Springs,US-CA
RBF,34.263802,-116.856003,Big Bear,US-CA
MYH,36.8125,-111.647003,Marble Canyon,US-AZ
TRH,35.8125,-117.327003479,Trona,US-CA
LAA,38.066407,-102.691373,Lamar,US-CO
LAF,40.412875,-86.939363,West Lafayette,US-IN
LAL,27.989267,-82.020715,Lakeland,US-FL
LAM,35.8797988892,-106.268997192,Los Alamos,US-NM
LAN,42.777582,-84.585721,Lansing,US-MI
LAR,41.31209945678711,-105.67500305175781,Laramie,US-WY
LAS,36.083361,-115.151817,Las Vegas,US-NV
LAW,34.567699,-98.416603,Lawton,US-OK
LAX,33.942501,-118.407997,Los Angeles,US-CA
LBB,33.663601,-101.822998,Lubbock,US-TX
LBE,40.275902,-79.4048,Latrobe,US-PA
LBF,41.12620163,-100.6839981,North Platte,US-NE
LBL,37.0442009,-100.9599991,Liberal,US-KS
LBT,34.610773,-79.05943,Lumberton,US-NC
LJN,29.108601,-95.462097,Angleton,US-TX
LCH,30.126100540161133,-93.22329711914062,Lake Charles,US-LA
LCI,43.572701,-71.4189,Laconia / Gilford,US-NH
LCK,39.813801,-82.927803,Columbus,US-OH
LCQ,30.181999,-82.576897,Lake City,US-FL
LDJ,40.617401123,-74.2445983887,Linden,US-NJ
LDM,43.96250153,-86.40789795,Ludington,US-MI
LEB,43.626098632799994,-72.30419921880001,Lebanon,US-NH
LEE,28.82309914,-81.80870056,Leesburg,US-FL
LEM,45.9187011719,-102.106002808,Lemmon,US-SD
LEW,44.048500061,-70.2835006714,Auburn/Lewiston,US-ME
LEX,38.035066,-84.606738,Lexington,US-KY
LFI,37.082901,-76.360497,Hampton,US-VA
LFK,31.2339992523,-94.75,Lufkin,US-TX
LFT,30.205299,-91.987602,Lafayette,US-LA
LGA,40.777199,-73.872597,New York,US-NY
LGB,33.816523,-118.149891,Long Beach,US-CA
LGC,33.008873,-85.074331,LaGrange,US-GA
LGD,45.2901992798,-118.007003784,La Grande,US-OR
LGF,32.86000061,-114.3970032,Yuma Proving Ground(Yuma),US-AZ
LGU,41.7911987305,-111.851997375,Logan,US-UT
LHV,41.13560104,-77.42230225,Lock Haven,US-PA
LIY,31.891237,-81.561003,Hinesville,US-GA
LFN,36.0233,-78.330299,Louisburg,US-NC
LIC,39.274799346900004,-103.666000366,Limon,US-CO
LIT,34.729222,-92.223591,Little Rock,US-AR
LKP,44.2644996643,-73.96189880370001,Lake Placid,US-NY
LOW,38.0098,-77.9701,Louisa,US-VA
LKV,42.161098480199996,-120.399002075,Lakeview,US-OR
CHL,44.522999,-114.218002,Challis,US-ID
LMS,33.1461982727,-89.0625,Louisville,US-MS
LMT,42.156101,-121.733002,Klamath Falls,US-OR
LNA,26.59300041,-80.08509827,West Palm Beach,US-FL
LND,42.815201,-108.730003,Lander,US-WY
LNK,40.844882,-96.76178,Lincoln,US-NE
LNN,41.683998,-81.389702,Willoughby,US-OH
LNP,36.9874992371,-82.5299987793,Wise,US-VA
LNR,43.2099,-90.181332,Spring Green,US-WI
LNS,40.121700286865234,-76.29609680175781,Lancaster,US-PA
LOL,40.0663986206,-118.565002441,Lovelock,US-NV
BBX,40.1375007629,-75.2650985718,Philadelphia,US-PA
LOT,41.6073,-88.096199,Chicago/Romeoville,US-IL
LOU,38.2280006409,-85.6636962891,Louisville,US-KY
LOZ,37.0821990967,-84.08489990230001,London,US-KY
LPC,34.665599823,-120.468002319,Lompoc,US-CA
LQK,34.8100013733,-82.70290374759999,Pickens,US-SC
LRD,27.5438,-99.461601,Laredo,US-TX
LRF,34.916900634799994,-92.14969635010002,Jacksonville,US-AR
LRJ,42.77799988,-96.1937027,Le Mars,US-IA
LRU,32.289398,-106.921997,Las Cruces,US-NM
LSB,32.3334999084,-108.692001343,Lordsburg,US-NM
LSE,43.879002,-91.256699,La Crosse,US-WI
LSF,32.332546,-84.988003,Fort Benning,US-GA
LSK,42.753799438499996,-104.404998779,Lusk,US-WY
LSN,37.06290054,-120.8690033,Los Banos,US-CA
LSV,36.2361984253,-115.033996582,Las Vegas,US-NV
LTS,34.667099,-99.266701,Altus,US-OK
LUF,33.535,-112.383003,Glendale,US-AZ
LUK,39.102357,-84.418945,Cincinnati,US-OH
LUL,31.672599792499998,-89.172203064,Laurel,US-MS
LVK,37.6934013367,-121.819999695,Livermore,US-CA
LVL,36.774229,-77.793846,Lawrenceville,US-VA
LVM,45.6994018555,-110.447998047,Livingston,US-MT
LVS,35.654202,-105.141998,Las Vegas,US-NM
LWB,37.857914,-80.400438,Lewisburg,US-WV
LWC,39.01119995,-95.21659851,Lawrence,US-KS
LWL,41.117099762,-114.92199707,Wells,US-NV
LWM,42.717201232899995,-71.1233978271,Lawrence,US-MA
LWS,46.3745002746582,-117.01499938964844,Lewiston,US-ID
LWT,47.048429,-109.466143,Lewistown,US-MT
LWV,38.7643013,-87.6054992676,Lawrenceville,US-IL
LXN,40.791,-99.777298,Lexington,US-NE
LXV,39.220298767100005,-106.317001343,Leadville,US-CO
LYH,37.326698,-79.200401,Lynchburg,US-VA
LYO,38.339481,-98.228702,Lyons,US-KS
LZU,33.97809982,-83.96240234,Lawrenceville,US-GA
PCU,30.785999298096,-89.504501342773,Poplarville,US-MS
MLK,48.366901,-107.918999,Malta,US-MT
MAC,32.82210159,-83.56199646,Macon,US-GA
MAE,36.9886016846,-120.111999512,Madera,US-CA
MAF,31.942499,-102.202003,Midland,US-TX
MAW,36.6006012,-89.99220276,Malden,US-MO
MBG,45.54650116,-100.4079971,Mobridge,US-SD
MBL,44.272707,-86.246495,Manistee,US-MI
DXE,32.438702,-90.103104,Madison,US-MS
MBS,43.533181,-84.083104,Freeland,US-MI
MBY,39.464393,-92.428365,Moberly,US-MO
MCB,31.178499,-90.471901,McComb,US-MS
MCC,38.667599,-121.401001,Sacramento,US-CA
MCD,45.86489868,-84.63729858,Mackinac Island,US-MI
MCE,37.284698,-120.514,Merced,US-CA
MCF,27.8493,-82.521202,Tampa,US-FL
MCI,39.301699,-94.713893,Kansas City,US-MO
MCK,40.207787,-100.592794,McCook,US-NE
MCN,32.69279861450195,-83.64920043945312,Macon,US-GA
MCO,28.429399490356445,-81.30899810791016,Orlando,US-FL
MCW,43.159801,-93.329716,Mason City,US-IA
MDD,32.0364990234,-102.100997925,Midland,US-TX
MDH,37.778099,-89.251999,Murphysboro,US-IL
XMD,44.01599884,-97.08589935,Madison,US-SD
MDT,40.192838,-76.762333,Harrisburg,US-PA
MDW,41.785999,-87.752403,Chicago,US-IL
MDF,45.10100174,-90.30329895,Medford,US-WI
MXE,34.791901,-79.365799,Maxton,US-NC
MEI,32.3326,-88.7519,Meridian,US-MS
MEM,35.043845,-89.97634,Memphis,US-TN
MER,37.38050079,-120.5680008,Merced,US-CA
MEV,39.00030136,-119.7509995,Minden,US-NV
UMZ,34.545399,-94.202698,Mena,US-AR
MFD,40.82139968869999,-82.5166015625,Mansfield,US-OH
MFE,26.176141,-98.237965,McAllen,US-TX
MFI,44.6369018555,-90.18930053710001,Marshfield,US-WI
MFR,42.374199,-122.873001,Medford,US-OR
MFV,37.646900177,-75.761100769,Melfa,US-VA
MGC,41.7033,-86.821198,Michigan City,US-IN
MGE,33.915401,-84.516296,Marietta,US-GA
MGJ,41.50999832,-74.26460266,Montgomery,US-NY
MGM,32.300598,-86.393997,Montgomery,US-AL
MGR,31.084899902300002,-83.8032989502,Moultrie,US-GA
MGW,39.643305,-79.917598,Morgantown,US-WV
MGY,39.5890007019,-84.224899292,Dayton,US-OH
MHE,43.774799346900004,-98.03859710690001,Mitchell,US-SD
MHK,39.14099884033203,-96.6707992553711,Manhattan,US-KS
MHL,39.0957984924,-93.20290374759999,Marshall,US-MO
MHR,38.554744,-121.297989,Sacramento,US-CA
MHT,42.932598,-71.435699,Manchester,US-NH
MHV,35.056391,-118.145342,Mojave,US-CA
MIA,25.796011,-80.289751,Miami,US-FL
MIB,48.4156,-101.358002,Minot,US-ND
MIC,45.062,-93.353897,Minneapolis,US-MN
MIE,40.242298,-85.395897,Muncie,US-IN
MIO,36.909199,-94.887497,Miami,US-OK
MIT,35.507401,-119.192002,Shafter,US-CA
MIV,39.367802,-75.072197,Millville,US-NJ
MIW,42.112701,-92.917801,Marshalltown,US-IA
MJQ,43.650002,-94.986504,Jackson,US-MN
MJX,39.92750168,-74.29239655,Toms River,US-NJ
MKC,39.123199,-94.592796,Kansas City,US-MO
MKE,42.947201,-87.896599,Milwaukee,US-WI
MKG,43.169498,-86.238197,Muskegon,US-MI
MKL,35.599899,-88.915604,Jackson,US-TN
MKO,35.656502,-95.366699,Muskogee,US-OK
MKT,44.224781,-93.919128,Mankato,US-MN
MRK,25.995001,-81.672501,Marco Island,US-FL
MLB,28.102009,-80.641088,Melbourne,US-FL
MLC,34.882401,-95.783501,Mc Alester,US-OK
MLD,42.166599,-112.296997,Malad City,US-ID
MIQ,41.195877,-96.112107,Omaha,US-NE
MLF,38.426601,-113.012001,Milford,US-UT
MLI,41.448502,-90.5075,Moline,US-IL
MLJ,33.154202,-83.240701,Milledgeville,US-GA
MLS,46.427268,-105.885372,Miles City,US-MT
MLT,45.6478,-68.6856,Millinocket,US-ME
MLU,32.510899,-92.037697,Monroe,US-LA
MMH,37.625381,-118.84306,Mammoth Lakes,US-CA
MMI,35.39730072,-84.56259918,Athens,US-TN
MML,44.45050049,-95.82189941,Marshall,US-MN
MMS,34.231499,-90.289597,Marks,US-MS
MMT,33.92079926,-80.80130005,Eastover,US-SC
MMU,40.799062,-74.414949,Morristown,US-NJ
MNM,45.126701,-87.638397,Menominee,US-MI
MNN,40.6161994934,-83.06349945070001,Marion,US-OH
MOB,30.6912,-88.242798,Mobile,US-AL
MOD,37.625801,-120.954002,Modesto,US-CA
MOP,43.6217,-84.737503,Mount Pleasant,US-MI
MOR,36.179401,-83.375504,Morristown,US-TN
MOT,48.25801,-101.279123,Minot,US-ND
MOX,45.566002,-95.967201,Morris,US-MN
RMY,37.5108985901,-120.040000916,Mariposa,US-CA
MPJ,35.138901,-92.909202,Morrilton,US-AR
MPO,41.136025,-75.379572,Mount Pocono,US-PA
MPR,38.352402,-97.691299,Mc Pherson,US-KS
MPV,44.20349884,-72.56230164,Barre/Montpelier,US-VT
MPZ,40.94660187,-91.51110077,Mount Pleasant,US-IA
MQB,40.520099639899996,-90.65239715579999,Macomb,US-IL
MEO,35.91879,-75.695662,Manteo,US-NC
CTH,39.97900009,-75.8655014,Coatesville,US-PA
MQW,32.095798,-82.879997,Mc Rae,US-GA
MQY,36.0089988708,-86.5201034546,Smyrna,US-TN
MRB,39.40190125,-77.98459625,Martinsburg,US-WV
MRC,35.5541000366,-87.17890167239999,Columbia/Mount Pleasant,US-TN
MRF,30.369593,-104.015893,Marfa,US-TX
MRN,35.820202,-81.611397,Morganton,US-NC
MRY,36.586777,-121.844183,Monterey,US-CA
MSL,34.745123,-87.612981,Muscle Shoals,US-AL
MSN,43.1399,-89.337502,Madison,US-WI
MSO,46.915816,-114.091107,Missoula,US-MT
MSP,44.880081,-93.221741,Minneapolis,US-MN
MSS,44.936157,-74.844304,Massena,US-NY
MSV,41.701596,-74.794997,Monticello,US-NY
MSY,29.993401,-90.264673,New Orleans,US-LA
MTC,42.613463,-82.836919,Mount Clemens,US-MI
MTH,24.726006,-81.05138,Marathon,US-FL
MTJ,38.5098,-107.893997,Montrose,US-CO
MTN,39.325699,-76.413803,Baltimore,US-MD
MTO,39.477901,-88.279198,Mattoon,US-IL
MTP,41.0765,-71.920797,Montauk,US-NY
MTW,44.127116,-87.681983,Manitowoc,US-WI
MUI,40.435214,-76.568661,Fort Indiantown Gap(Annville),US-PA
MUL,31.141569,-83.703718,Moultrie,US-GA
MUO,43.043598,-115.872002,Mountain Home,US-ID
MUT,41.367803,-91.148201,Muscatine,US-IA
MVC,31.458,-87.350996,Monroeville,US-AL
MVE,44.969101,-95.710297,Montevideo,US-MN
MVL,44.534599,-72.613998,Morrisville,US-VT
MVN,38.322774,-88.859257,Mount Vernon,US-IL
MVY,41.3931007385,-70.6143035889,Martha's Vineyard,US-MA
MWA,37.751208,-89.016568,Marion,US-IL
MWC,43.110401,-88.034401,Milwaukee,US-WI
MWH,47.20769882,-119.3199997,Moses Lake,US-WA
MWL,32.781601,-98.060204,Mineral Wells,US-TX
MWM,43.913399,-95.109398,Windom,US-MN
MWO,39.530998,-84.395302,Middletown,US-OH
MXA,35.894402,-90.154602,Manila,US-AR
MXF,32.3829,-86.365799,Montgomery,US-AL
MXO,42.220402,-91.1633,Monticello,US-IA
MYF,32.8157,-117.139999,San Diego,US-CA
MYL,44.888837,-116.101112,McCall,US-ID
MYR,33.679699,-78.928299,Myrtle Beach,US-SC
MYV,39.09780121,-121.5699997,Marysville,US-CA
MZJ,32.5106010437,-111.32800293,Marana,US-AZ
MZZ,40.4898986816,-85.6797027588,Marion,US-IN
CTX,42.59260178,-76.21489716,Cortland,US-NY
SXY,42.302600860596,-75.416000366211,Sidney,US-NY
ONH,42.5247,-75.0644,Oneonta,US-NY
NBG,29.82530022,-90.03500366,New Orleans,US-LA
NHX,30.389099121100003,-87.63529968259999,Foley,US-AL
DGN,38.3325,-77.037201,Dahlgren,US-VA
NEL,40.03329849,-74.353302,Lakehurst,US-NJ
NEN,30.353900909424,-81.87190246582,Jacksonville,US-FL
NEW,30.042400360107,-90.028297424316,New Orleans,US-LA
NFL,39.41659927,-118.7009964,Fallon,US-NV
FWH,32.769199,-97.441498,Fort Worth,US-TX
NGP,27.6926,-97.2911,Corpus Christi,US-TX
NGU,36.937599,-76.289299,Norfolk,US-VA
NGW,27.704426,-97.440578,Corpus Christi,US-TX
NHK,38.285999,-76.411797,Patuxent River,US-MD
NIP,30.2358,-81.680603,Jacksonville,US-FL
NJK,32.829201,-115.671996,El Centro,US-CA
NKX,32.86840057,-117.1429977,San Diego,US-CA
NLC,36.33300018,-119.9520035,Lemoore,US-CA
NPA,30.352699,-87.318604,Pensacola,US-FL
NQA,35.356701,-89.8703,Millington,US-TN
NQI,27.5072002411,-97.8097000122,Kingsville,US-TX
NQX,24.57579994,-81.68890381,Key West,US-FL
NRB,30.3911,-81.424698,Jacksonville,US-FL
NRS,32.5667,-117.116997,Imperial Beach,US-CA
NSE,30.7241993,-87.02189636,Milton,US-FL
NTD,34.120300293,-119.121002197,Point Mugu,US-CA
NTU,36.820702,-76.033501,Virginia Beach,US-VA
NUQ,37.4161,-122.049004,Mountain View,US-CA
NUW,48.351799,-122.655998,Oak Harbor,US-WA
NVD,37.8521,-94.304901,Nevada,US-MO
NYG,38.501701,-77.305298,Quantico,US-VA
YUM,32.650938,-114.609375,Yuma,US-AZ
NZY,32.69919968,-117.2149963,San Diego,US-CA
NVN,39.818501,-120.352997,Beckwourth,US-CA
COA,38.030399322499996,-120.415000916,Columbia,US-CA
ODC,37.75630188,-120.8000031,Oakdale,US-CA
EYR,39.0041007996,-119.157997131,Yerington,US-NV
OAJ,34.829201,-77.612099,Richlands,US-NC
OAK,37.720085,-122.221184,Oakland,US-CA
OAR,36.68190002,-121.762001,Marina,US-CA
OBE,27.262800216699997,-80.8498001099,Okeechobee,US-FL
OCF,29.17259979,-82.22419739,Ocala,US-FL
OCH,31.57799911,-94.70950317,Nacogdoches,US-TX
OCW,35.570499420166,-77.049797058105,Washington,US-NC
ODT,31.920601,-102.387001,Odessa,US-TX
OEA,38.68521,-87.543138,Lawrenceville,US-IL
OEO,45.310001,-92.691902,Osceola,US-WI
OFF,41.119307,-95.90851,Omaha,US-NE
OFK,41.985500335693,-97.435096740723,Norfolk,US-NE
OGA,41.119499,-101.769997,Ogallala,US-NE
OGB,33.456798553467,-80.859497070312,Orangeburg,US-SC
OGD,41.195899963379,-112.0120010376,Ogden,US-UT
OGS,44.6819,-75.4655,Ogdensburg,US-NY
OIC,42.566600799561,-75.524101257324,Norwich,US-NY
OJC,38.84759903,-94.73760223,Olathe,US-KS
OCN,33.217947,-117.351683,Oceanside,US-CA
OKC,35.393388,-97.598248,Oklahoma City,US-OK
ODW,48.251499176,-122.674003601,Oak Harbor,US-WA
OKK,40.528198242188,-86.05899810791,Kokomo,US-IN
OKM,35.668098449707,-95.948699951172,Okmulgee,US-OK
OKS,41.401001,-102.355003,Oshkosh,US-NE
WGO,39.14350128,-78.14440155,Winchester,US-VA
OLD,44.952801,-68.674301,Old Town,US-ME
OLE,42.241199,-78.371399,Olean,US-NY
OLF,48.094501,-105.574997,Wolf Point,US-MT
OLM,46.969399,-122.903,Olympia,US-WA
OLS,31.4177,-110.848,Nogales,US-AZ
OLU,41.448145,-97.340174,Columbus,US-NE
OLV,34.9786987305,-89.78690338130001,Olive Branch,US-MS
OLY,38.721802,-88.176399,Olney-Noble,US-IL
OMA,41.3032,-95.894096,Omaha,US-NE
OMK,48.4644012451,-119.517997742,Omak,US-WA
ONA,44.077202,-91.708298,Winona,US-MN
ONL,42.468916,-98.686989,O'Neill,US-NE
ONM,34.022499,-106.903,Socorro,US-NM
ONO,44.0198,-117.013289,Oregon,US-OR
ONP,44.580399,-124.057999,Newport,US-OR
ONT,34.056,-117.600998,Ontario,US-CA
ONY,33.350899,-98.819199,Olney,US-TX
OOA,41.2262,-92.493896,Cedar,US-IA
OPF,25.907,-80.278397,Miami,US-FL
OPL,30.558399,-92.099403,Opelousas,US-LA
NCO,41.597099304199,-71.412101745605,North Kingstown,US-RI
ORD,41.9786,-87.9048,Chicago,US-IL
ORF,36.895341,-76.201,Norfolk,US-VA
ORH,42.2673,-71.875702,Worcester,US-MA
ORL,28.5455,-81.332901,Orlando,US-FL
ESD,48.708199,-122.910004,Eastsound,US-WA
MPS,33.095501,-94.961502,Mount Pleasant,US-TX
OSC,44.451599,-83.394096,Oscoda,US-MI
OSH,43.98440170288086,-88.55699920654297,Oshkosh,US-WI
OSU,40.0798,-83.072998,Columbus,US-OH
OSX,33.090302,-89.542,Kosciusko,US-MS
OTG,43.65477,-95.577364,Worthington,US-MN
OTH,43.41709899902344,-124.24600219726562,North Bend,US-OR
OTM,41.106368,-92.449837,Ottumwa,US-IA
OUN,35.2456,-97.472099,Norman,US-OK
OVE,39.487800598145,-121.62200164795,Oroville,US-CA
OWA,44.123402,-93.260597,Owatonna,US-MN
OWB,37.74010086,-87.16680145,Owensboro,US-KY
OWD,42.1904983521,-71.1728973389,Norwood,US-MA
OWK,44.7155,-69.866501,Norridgewock,US-ME
OCE,38.310398,-75.124001,Ocean City,US-MD
OXC,41.47859954834,-73.135200500488,Oxford,US-CT
OXD,39.50230026,-84.78440094,Oxford,US-OH
OXR,34.200801849365,-119.20700073242,Oxnard,US-CA
STQ,41.412498474121,-78.502601623535,St Marys,US-PA
OZA,30.735300064087,-101.20300292969,Ozona,US-TX
OZR,31.27569962,-85.71340179,Fort Rucker/Ozark,US-AL
BSQ,31.3640003204,-109.883003235,Bisbee,US-AZ
PXL,35.7916984558,-110.422996521,Polacca,US-AZ
GLB,33.3531,-110.667,Globe,US-AZ
HBK,34.940700531,-110.138000488,Holbrook,US-AZ
CWX,32.245399,-109.894997,Willcox,US-AZ
CTW,34.73,-112.035004,Cottonwood,US-AZ
PAE,47.9063,-122.281998,Everett,US-WA
PAH,37.06079864501953,-88.7738037109375,Paducah,US-KY
PAM,30.069599,-85.575401,Panama City,US-FL
PJB,34.256801605225,-111.33899688721,Payson,US-AZ
PAO,37.461102,-122.114998,Palo Alto,US-CA
PBF,34.174121,-91.935643,Pine Bluff,US-AR
PBG,44.650902,-73.468102,Plattsburgh,US-NY
PBI,26.683201,-80.095596,West Palm Beach,US-FL
PVL,37.560795,-82.570051,Pikeville,US-KY
PCD,43.019298553467,-91.12370300293,Prairie Du Chien,US-WI
PDK,33.87633,-84.30213,Atlanta,US-GA
PDT,45.695099,-118.841003,Pendleton,US-OR
PDX,45.588699,-122.598,Portland,US-OR
PEQ,31.382400512695,-103.51100158691,Pecos,US-TX
PFC,45.199799,-123.961998,Pacific City,US-OR
PGA,36.924234,-111.447716,Page,US-AZ
PGD,26.9202,-81.990501,Punta Gorda,US-FL
PGR,36.06290054,-90.50779724,Paragould,US-AR
PGV,35.635535,-77.384262,Greenville,US-NC
PHD,40.470901489258,-81.419700622559,New Philadelphia,US-OH
PHF,37.131901,-76.492996,Newport News,US-VA
ADR,33.4516983032,-79.5261993408,Andrews,US-SC
PHK,26.78499985,-80.69339752,Pahokee,US-FL
PHL,39.871899,-75.241096,Philadelphia,US-PA
PHN,42.9109993,-82.52890015,Port Huron,US-MI
PHP,44.048527,-101.600933,Philip,US-SD
PHT,36.338199615499995,-88.38289642330001,Paris,US-TN
PHX,33.435302,-112.005905,Phoenix,US-AZ
PIA,40.663841,-89.692631,Peoria,US-IL
PIB,31.4671,-89.337097,Moselle,US-MS
PIE,27.9102,-82.687401,Pinellas Park,US-FL
PIH,42.9098014831543,-112.59600067138672,Pocatello,US-ID
PIM,32.8406982422,-84.8824005127,Pine Mountain,US-GA
PIR,44.38270187,-100.2860031,Pierre,US-SD
PIT,40.491501,-80.232903,Pittsburgh,US-PA
PKB,39.3451,-81.439201,Parkersburg (Williamstown),US-WV
PKD,46.9006,-95.073095,Park Rapids,US-MN
PKF,45.955001831055,-90.42440032959,Park Falls,US-WI
PLK,36.62590027,-93.22889709,Branson / Hollister,US-MO
PLN,45.57089996,-84.79669952,Pellston,US-MI
PLR,33.558799743652,-86.249099731445,Pell City,US-AL
PMB,48.9425010681,-97.2407989502,Pembina,US-ND
PMD,34.629398,-118.084999,Palmdale,US-CA
PMH,38.8404998779,-82.84729766850002,Portsmouth,US-OH
PPM,26.247100830078,-80.111099243164,Pompano Beach,US-FL
PWY,42.79550171,-109.8069992,Pinedale,US-WY
PNC,36.73199844,-97.09980011,Ponca City,US-OK
PNE,40.082406,-75.010614,Philadelphia,US-PA
PNN,45.200698852539,-67.564399719238,Princeton,US-ME
PNS,30.472718,-87.186639,Pensacola,US-FL
POB,35.170898,-79.014503,Fort Bragg,US-NC
POC,34.091598510742,-117.78199768066,La Verne,US-CA
POE,31.0447998,-93.1917038,Fort Polk,US-LA
POF,36.773899,-90.324898,Poplar Bluff,US-MO
POH,42.742802,-94.647301,Pocahontas,US-IA
POU,41.6265983581543,-73.88420104980469,Poughkeepsie,US-NY
POY,44.867198944092,-108.79299926758,Powell,US-WY
PPA,35.612998962402,-100.99600219727,Pampa,US-TX
PPF,37.32989883,-95.5062027,Parsons,US-KS
LPO,41.5724983215,-86.73449707030001,La Porte,US-IN
PQI,46.688999,-68.0448,Presque Isle,US-ME
PGL,30.462799072266,-88.529197692871,Pascagoula,US-MS
PRB,35.67290115,-120.6269989,Paso Robles,US-CA
PRC,34.653502,-112.419883,Prescott,US-AZ
PRO,41.82799911,-94.15989685,Perry,US-IA
PRX,33.636600494385,-95.450798034668,Paris,US-TX
PSB,40.884399,-78.087303,Philipsburg,US-PA
PSC,46.264702,-119.119003,Pasco,US-WA
PSF,42.4268,-73.2929,Pittsfield,US-MA
PSK,37.137298583984,-80.678497314453,Dublin,US-VA
PSM,43.0779,-70.823303,Portsmouth,US-NH
PSN,31.779699325562,-95.706298828125,Palestine,US-TX
PGO,37.28630066,-107.0559998,Pagosa Springs,US-CO
PSP,33.8297,-116.507004,Palm Springs,US-CA
PSX,28.727500915527,-96.250999450684,Palacios,US-TX
PTB,37.183799743652,-77.507400512695,Petersburg,US-VA
PTK,42.665500640869,-83.420097351074,Pontiac,US-MI
PTN,29.709499359131,-91.338996887207,Patterson,US-LA
PTS,37.449501,-94.731102,Pittsburg,US-KS
PTT,37.70159912,-98.74690247,Pratt,US-KS
PTV,36.029598236084,-119.06300354004,Porterville,US-CA
PTW,40.239601,-75.556702,Pottstown,US-PA
PUB,38.289101,-104.497002,Pueblo,US-CO
PUC,39.613899,-110.751,Price,US-UT
PUW,46.741601,-117.11163,Pullman,US-WA
PVC,42.0718994141,-70.2213973999,Provincetown,US-MA
PVD,41.725038,-71.425668,Providence/Warwick,US-RI
PVF,38.724201202393,-120.75299835205,Placerville,US-CA
PVU,40.218894,-111.722445,Provo,US-UT
PVW,34.168098,-101.717003,Plainview,US-TX
PWA,35.53419876,-97.64710236,Oklahoma City,US-OK
PWD,48.790298461914,-104.53399658203,Plentywood,US-MT
PWK,42.114222,-87.901494,Chicago/Prospect Heights/Wheeling,US-IL
PWM,43.646198,-70.309303,Portland,US-ME
PWT,47.490200042725,-122.76499938965,Bremerton,US-WA
PYM,41.909,-70.728798,Plymouth,US-MA
RAC,42.7606010437,-87.8152008057,Racine,US-WI
RAL,33.9519,-117.445,Riverside,US-CA
RAP,44.0452995300293,-103.05699920654297,Rapid City,US-SD
RBD,32.6809005737,-96.8682022095,Dallas,US-TX
RBG,43.238800048799995,-123.356002808,Roseburg,US-OR
RBL,40.1506996155,-122.251998901,Red Bluff,US-CA
RBW,32.921001434299995,-80.6406021118,Walterboro,US-SC
RCA,44.14500046,-103.1039963,Rapid City,US-SD
RCK,30.6315994263,-96.9897003174,Rockdale,US-TX
RCR,41.065601348899996,-86.18170166019999,Rochester,US-IN
RDD,40.50899887,-122.2929993,Redding,US-CA
RDG,40.378502,-75.965202,Reading,US-PA
RDM,44.254101,-121.150002,Redmond,US-OR
RDR,47.961101532,-97.4011993408,Grand Forks,US-ND
RDU,35.878659,-78.7873,Raleigh/Durham,US-NC
REO,42.5777015686,-117.885002136,Rome,US-OR
RFD,42.1954,-89.097198,Chicago/Rockford,US-IL
RFG,28.2936,-97.322998,Refugio,US-TX
RHI,45.63119888305664,-89.46749877929688,Rhinelander,US-WI
RHV,37.332901,-121.819,San Jose,US-CA
RIC,37.505199,-77.319702,Richmond,US-VA
RID,39.757198,-84.842796,Richmond,US-IN
RIF,38.734068,-112.101603,Richfield,US-UT
RIL,39.526299,-107.726997,Rifle,US-CO
RIR,33.9897,-117.411003,Riverside,US-CA
RIV,33.880699,-117.259003,Riverside,US-CA
RIW,43.064201,-108.459999,Riverton,US-WY
RKD,44.060101,-69.099197,Rockland,US-ME
RKP,28.0867996216,-97.0446014404,Rockport,US-TX
RKR,35.021599,-94.6213,Poteau,US-OK
RKS,41.5942,-109.065001,Rock Springs,US-WY
RKW,35.9222984314,-84.6896972656,Rockwood,US-TN
RLD,46.305599,-119.304001,Richland,US-WA
RME,43.23379898,-75.40699768,Rome,US-NY
RMG,34.3506011963,-85.15799713130001,Rome,US-GA
RNC,35.69869995,-85.84380341,Mc Minnville,US-TN
RND,29.529699,-98.2789,Universal City,US-TX
RNH,45.1483,-92.538101,New Richmond,US-WI
RNO,39.4991,-119.767998,Reno,US-NV
RNT,47.4930992126,-122.216003418,Renton,US-WA
ROA,37.3255,-79.975403,Roanoke,US-VA
ROC,43.1189,-77.672401,Rochester,US-NY
ROG,36.37229919,-94.10690308,Rogers,US-AR
ROW,33.301601,-104.530998,Roswell,US-NM
ROX,48.855999,-95.696999,Roseau,US-MN
RIE,45.423024,-91.773127,Rice Lake,US-WI
RPX,46.475095,-108.541497,Roundup,US-MT
WBR,43.7225990295,-85.50409698490002,Big Rapids,US-MI
RQO,35.472698,-98.005798,El Reno,US-OK
RRL,45.198898,-89.712898,Merrill,US-WI
RRT,48.94139862,-95.3483963,Warroad,US-MN
RSL,38.872100830078,-98.811798095703,Russell,US-KS
RSN,32.514187,-92.588517,Ruston,US-LA
RST,43.908298,-92.5,Rochester,US-MN
RSW,26.534685,-81.752816,Fort Myers,US-FL
RTN,36.741501,-104.501999,Raton,US-NM
SRW,35.645901,-80.520302,Salisbury,US-NC
RUT,43.5294,-72.9496,Rutland,US-VT
RED,40.6773986816,-77.6268005371,Reedsville,US-PA
RVS,36.0396,-95.984596,Tulsa,US-OK
RWF,44.547199,-95.082298,Redwood Falls,US-MN
RWI,35.8563,-77.891899,Rocky Mount,US-NC
RWL,41.80559921,-107.1999969,Rawlins,US-WY
RXE,43.8339,-111.805002,Rexburg,US-ID
RNZ,40.9478988647,-87.1826019287,Rensselaer,US-IN
AHM,42.190265,-122.660648,Ashland,US-OR
BDY,43.08649826,-124.4079971,Bandon,US-OR
SUO,43.876301,-121.453003,Sunriver,US-OR
MDJ,44.67020035,-121.1549988,Madras,US-OR
PRZ,44.286998748779,-120.90399932861,Prineville,US-OR
SAA,41.444901,-106.823997,Saratoga,US-WY
SAC,38.5125007629,-121.492996216,Sacramento,US-CA
SAD,32.85480118,-109.6350021,Safford,US-AZ
SAF,35.6171,-106.088997,Santa Fe,US-NM
SAN,32.733601,-117.190002,San Diego,US-CA
SAR,38.148899,-89.6987,Sparta,US-IL
SAS,33.2414016724,-115.952003479,Salton City,US-CA
SAT,29.533701,-98.469803,San Antonio,US-TX
SAV,32.126591,-81.19998,Savannah,US-GA
MQT,46.351498,-87.395884,Gwinn,US-MI
SBA,34.426201,-119.839996,Santa Barbara,US-CA
SBD,34.096717,-117.236596,San Bernardino,US-CA
SBM,43.76959991,-87.85140228,Sheboygan,US-WI
SBN,41.708304,-86.316922,South Bend,US-IN
SBP,35.236801147499996,-120.641998291,San Luis Obispo,US-CA
SBS,40.5163002,-106.8659973,Steamboat Springs,US-CO
SBX,48.5406990051,-111.871002197,Shelby,US-MT
SBY,38.34049987792969,-75.51029968261719,Salisbury,US-MD
SCB,41.610298,-96.629898,Scribner,US-NE
SCH,42.852500915527,-73.928901672363,Schenectady,US-NY
SCK,37.893279,-121.238079,Stockton,US-CA
SDF,38.1706,-85.735076,Louisville,US-KY
SCF,33.622898101807,-111.91100311279,Scottsdale,US-AZ
SDM,32.572639,-116.980019,San Diego,US-CA
SDY,47.705141,-104.194422,Sidney,US-MT
SEA,47.447943,-122.310276,Seattle,US-WA
SEE,32.826198577881,-116.97200012207,San Diego/El Cajon,US-CA
SEF,27.45639992,-81.3423996,Sebring,US-FL
SEG,40.820598602295,-76.863899230957,Selinsgrove,US-PA
SEM,32.343898773193,-86.987800598145,Selma,US-AL
SEP,32.215302,-98.177696,Stephenville,US-TX
SER,38.923599243164,-85.907402038574,Seymour,US-IN
SDX,34.848598480225,-111.78800201416,Sedona,US-AZ
SFB,28.774277,-81.234626,Orlando,US-FL
SFF,47.682899,-117.321925,Spokane,US-WA
SFM,43.393901824951,-70.708000183105,Sanford,US-ME
SFO,37.619806,-122.374821,San Francisco,US-CA
SFZ,41.9207992554,-71.49140167239999,Pawtucket,US-RI
SGF,37.245047,-93.388596,Springfield,US-MO
SGH,39.840301513672,-83.840202331543,Springfield,US-OH
UST,29.9592,-81.339798,St Augustine,US-FL
SGR,29.622299194336,-95.65650177002,Houston,US-TX
SGT,34.599499,-91.574997,Stuttgart,US-AR
SGU,37.036389,-113.510306,St George,US-UT
SHD,38.263802,-78.8964,Weyers Cave,US-VA
SHN,47.233600616455,-123.14800262451,Shelton,US-WA
SHR,44.76919937133789,-106.9800033569336,Sheridan,US-WY
SHV,32.446602,-93.8256,Shreveport,US-LA
SIK,36.898899078369,-89.561798095703,Sikeston,US-MO
SIV,39.1147,-87.448303,Sullivan,US-IN
SIY,41.781399,-122.468002,Montague,US-CA
SJC,37.362452,-121.929188,San Jose,US-CA
SJN,34.51860046,-109.3789978,St Johns,US-AZ
SJT,31.35770034790039,-100.49600219726562,San Angelo,US-TX
SKA,47.615101,-117.655998,Spokane,US-WA
SKF,29.38419914,-98.58110046,San Antonio,US-TX
TSM,36.452494,-105.67749,Taos,US-NM
SLB,42.5973014832,-95.24069976810001,Storm Lake,US-IA
SLC,40.78886,-111.979866,Salt Lake City,US-UT
SLE,44.9095,-123.002998,Salem,US-OR
SLG,36.191898,-94.489998,Siloam Springs,US-AR
SLK,44.38691,-74.204629,Saranac Lake,US-NY
SLN,38.79100036621094,-97.6521987915039,Salina,US-KS
SLO,38.642899,-88.964203,Salem,US-IL
SLR,33.159801483154,-95.621101379395,Sulphur Springs,US-TX
SMD,41.14339828,-85.15280151,Fort Wayne,US-IN
SME,37.053398132299996,-84.6158981323,Somerset,US-KY
SMF,38.6954,-121.591003,Sacramento,US-CA
SMN,45.122233,-113.88196,Salmon,US-ID
SMO,34.0158,-118.450996,Santa Monica,US-CA
SUM,33.994998931885,-80.361297607422,Sumter,US-SC
SMX,34.898899,-120.457001,Santa Maria,US-CA
SNA,33.675063,-117.869281,Santa Ana,US-CA
SNK,32.690212,-100.948918,Snyder,US-TX
SNL,35.357898712158,-96.942802429199,Shawnee,US-OK
SNS,36.662799835205,-121.60600280762,Salinas,US-CA
SNY,41.101299,-102.985001,Sidney,US-NE
SOP,35.237184,-79.389381,Carthage,US-NC
SOW,34.264062,-110.007091,Show Low,US-AZ
SPA,34.915699005127,-81.956497192383,Spartanburg,US-SC
SPF,44.48030090332,-103.78299713135,Spearfish,US-SD
SPG,27.7651,-82.626999,St Petersburg,US-FL
SPI,39.844101,-89.677902,Springfield,US-IL
SPS,33.9888,-98.491898,Wichita Falls,US-TX
SPW,43.165500640869,-95.202796936035,Spencer,US-IA
SQI,41.742175,-89.673629,Rock Falls,US-IL
SQL,37.51313,-122.250838,San Carlos,US-CA
SRC,35.210602,-91.737503,Searcy,US-AR
SRQ,27.394631,-82.554359,Sarasota/Bradenton,US-FL
RUI,33.462799,-105.535004,Alto,US-NM
SSC,33.972698,-80.470596,Sumter,US-SC
SSF,29.336999893188,-98.471099853516,San Antonio,US-TX
SSI,31.1518,-81.391296,St Simons Island,US-GA
STC,45.5466,-94.059898,Saint Cloud,US-MN
STE,44.5452003479,-89.530296325684,Stevens Point,US-WI
STJ,39.771900177002,-94.909698486328,St Joseph,US-MO
STK,40.613497,-103.263833,Sterling,US-CO
STL,38.748697,-90.370003,St Louis,US-MO
STP,44.93479,-93.060036,Saint Paul,US-MN
STS,38.50899887,-122.8130035,Santa Rosa,US-CA
SUA,27.18169975,-80.22109985,Stuart,US-FL
SUD,35.789600372314,-96.655700683594,Stroud,US-OK
SUE,44.84370041,-87.42150116,Sturgeon Bay,US-WI
SUN,43.50439835,-114.2959976,Hailey,US-ID
SUS,38.662102,-90.652,St Louis,US-MO
SUU,38.262699,-121.927002,Fairfield,US-CA
SUW,46.688612,-92.095041,Superior,US-WI
SUX,42.397605,-96.382237,Sioux City,US-IA
SVC,32.636701,-108.154736,Silver City,US-NM
SVE,40.375702,-120.572998,Susanville,US-CA
SVH,35.765301,-80.953903,Statesville,US-NC
SVN,32.00999832,-81.14569855,Savannah,US-GA
SWF,41.50421,-74.108901,Newburgh,US-NY
SWO,36.162132,-97.085581,Stillwater,US-OK
SWW,32.467399597168,-100.46700286865,Sweetwater,US-TX
SYI,35.560101,-86.442497,Shelbyville,US-TN
SYN,44.475579,-93.016756,Dennison,US-MN
SYR,43.11119842529297,-76.1063003540039,Syracuse,US-NY
SYV,31.558500289917,-83.895698547363,Sylvester,US-GA
SZL,38.730301,-93.547897,Knob Noster,US-MO
SZN,34.06007,-119.915229,Santa Cruz Island,US-CA
SZP,34.34719849,-119.060997,Santa Paula,US-CA
TBC,36.091146,-111.38286,Tuba City,US-AZ
TAD,37.2593994141,-104.341003418,Trinidad,US-CO
TBN,37.7416,-92.140701,Fort Leonard Wood,US-MO
TBR,32.4827003479,-81.73690032959999,Statesboro,US-GA
TCC,35.182800293,-103.602996826,Tucumcari,US-NM
TCL,33.2206,-87.611397,Tuscaloosa,US-AL
TCM,47.137699,-122.475998,Tacoma,US-WA
TCS,33.2369,-107.272003,Truth or Consequences,US-NM
TDO,46.4771995544,-122.805999756,Toledo,US-WA
TDW,35.1698989868,-101.825996399,Amarillo,US-TX
TDZ,41.56489944,-83.4822998,Toledo,US-OH
TEB,40.850101,-74.060799,Teterboro,US-NJ
TEX,37.9538,-107.907997,Telluride,US-CO
THA,35.3801,-86.246399,Tullahoma,US-TN
THM,47.573501586914,-115.28099822998,Thompson Falls,US-MT
THV,39.917,-76.873001,Thomasville,US-PA
TIK,35.4147,-97.386597,Oklahoma City,US-OK
TIW,47.267407,-122.577295,Tacoma,US-WA
TIX,28.514799118042,-80.799201965332,Titusville,US-FL
KNT,36.2258987427,-90.0365982056,Kennett,US-MO
TLH,30.401209,-84.35433,Tallahassee,US-FL
TLR,36.15629959,-119.3259964,Tulare,US-CA
TMA,31.4290008545,-83.4885025024,Tifton,US-GA
TMB,25.6479,-80.4328,Miami,US-FL
OTK,45.4182014465,-123.814002991,Tillamook,US-OR
TNP,34.133901,-115.947347,Twentynine Palms,US-CA
TNT,25.861788,-80.89701,Miami,US-FL
TNU,41.6744,-93.021698,Newton,US-IA
XSD,37.7988014221,-116.78099823,Tonopah,US-NV
TOA,33.803398132324,-118.33999633789,Torrance,US-CA
TOC,34.5938,-83.295799,Toccoa,US-GA
TOI,31.860399,-86.012101,Troy,US-AL
TOL,41.5868,-83.8078,Toledo,US-OH
TOP,39.069899,-95.622606,Topeka,US-KS
TOR,42.0644989,-104.1529999,Torrington,US-WY
TPA,27.9755,-82.533203,Tampa,US-FL
TPF,27.915599822998,-82.44930267334,Tampa,US-FL
TPH,38.06019974,-117.086998,Tonopah,US-NV
TPL,31.1525,-97.407799,Temple,US-TX
TRI,36.475201,-82.407401,Blountville,US-TN
TKF,39.318628,-120.140562,Truckee,US-CA
TRL,32.709202,-96.267403,Terrell,US-TX
TRM,33.62670135498,-116.16000366211,Palm Springs,US-CA
TRX,40.0835,-93.590599,Trenton,US-MO
TSP,35.134998321533,-118.43900299072,Tehachapi,US-CA
TTD,45.54940032959,-122.40100097656,Portland,US-OR
TTN,40.276699,-74.813499,Ewing Township,US-NJ
TUL,36.197084,-95.886225,Tulsa,US-OK
TUP,34.26810073852539,-88.7698974609375,Tupelo,US-MS
TUS,32.115004,-110.938053,Tucson,US-AZ
TVC,44.741402,-85.582199,Traverse City,US-MI
TVF,48.065701,-96.184998,Thief River Falls,US-MN
TVI,30.901599884033,-83.881301879883,Thomasville,US-GA
TVL,38.89390182495117,-119.99500274658203,South Lake Tahoe,US-CA
TWF,42.4818,-114.487999,Twin Falls,US-ID
TXK,33.453701,-93.990997,Texarkana,US-AR
TYZ,34.45280075,-110.1149979,Taylor,US-AZ
TYR,32.35409927368164,-95.40239715576172,Tyler,US-TX
TYS,35.811001,-83.994003,Knoxville/Maryville,US-TN
BFG,37.547827,-110.712898,Bullfrog,US-UT
NPH,39.73681,-111.870063,Nephi,US-UT
RVR,38.9613990784,-110.226997375,Green River,US-UT
PNU,37.84519958,-112.3919983,Panguitch,US-UT
ICS,44.4938011169,-116.01599884,Cascade,US-ID
UBS,33.4654006958,-88.3803024292,Columbus,US-MS
UCY,36.38180161,-88.98539734,Union City,US-TN
UDD,33.748492,-116.275027,Bermuda Dunes,US-CA
UES,43.041000366211,-88.237098693848,Waukesha,US-WI
UGN,42.422199249268,-87.867897033691,Chicago/Waukegan,US-IL
UIL,47.936599731445,-124.56300354004,Quillayute,US-WA
UIN,39.942699,-91.194603,Quincy,US-IL
IKB,36.2228012085,-81.09829711910001,North Wilkesboro,US-NC
UKI,39.125999,-123.200996,Ukiah,US-CA
UKT,40.4352,-75.381897,Quakertown,US-PA
ULM,44.319599151611,-94.502296447754,New Ulm,US-MN
ATO,39.211839,-82.22949,Albany,US-OH
UNU,43.42660141,-88.70320129,Juneau,US-WI
SCE,40.849374,-77.84852,State College,US-PA
UOS,35.204754,-85.899052,Sewanee,US-TN
UOX,34.384300231934,-89.536796569824,Oxford,US-MS
UTM,34.68505,-90.347757,Tunica,US-MS
HTV,30.7469005585,-95.5871963501,Huntsville,US-TX
NPT,41.532207,-71.281039,Newport,US-RI
UVA,29.2112998962,-99.743598938,Uvalde,US-TX
RKH,34.9878006,-81.05719757,Rock Hill,US-SC
VAD,30.9678001404,-83.1930007935,Valdosta,US-GA
LLY,39.942902,-74.845703,Lumberton,US-NJ
VBG,34.737301,-120.584,Lompoc,US-CA
VCT,28.85260009765625,-96.91850280761719,Victoria,US-TX
VCV,34.597499847399995,-117.383003235,Victorville,US-CA
VDI,32.192699432373,-82.371200561523,Vidalia,US-GA
VEL,40.436214,-109.511661,Vernal,US-UT
VGT,36.209074,-115.193982,Las Vegas,US-NV
VHN,31.057800292969,-104.78399658203,Van Horn,US-TX
VIH,38.127399,-91.769501,Vichy,US-MO
VIS,36.318699,-119.392998,Visalia,US-CA
VJI,36.687099,-82.033302,Abingdon,US-VA
VKS,32.23929977417,-90.928398132324,Vicksburg,US-MS
VLA,38.991501,-89.166199,Vandalia,US-IL
VLD,30.782499313354492,-83.27670288085938,Valdosta,US-GA
VNC,27.070541,-82.440815,Venice,US-FL
VNY,34.209801,-118.489998,Van Nuys,US-CA
VOK,43.938999,-90.253403,Camp Douglas,US-WI
VPS,30.481315,-86.515839,Valparaiso,US-FL
VPZ,41.45399857,-87.00710297,Valparaiso,US-IN
VQQ,30.2187,-81.876701,Jacksonville,US-FL
VRB,27.6556,-80.417901,Vero Beach,US-FL
VSF,43.343601,-72.517303,North Springfield,US-VT
VTN,42.856211,-100.549192,Valentine,US-NE
VYS,41.351898,-89.153099,Peru,US-IL
GTY,39.841222,-77.274699,Gettysburg,US-PA
SQV,48.098098754883,-123.18699645996,Sequim,US-WA
PGC,38.9948997498,-79.1458969116,Petersburg,US-WV
WAL,37.940813,-75.462255,Wallops Island,US-VA
WAY,39.90112,-80.130733,Waynesburg,US-PA
WBW,41.2971992493,-75.8511962891,Wilkes-Barre,US-PA
WDG,36.3791999817,-97.7910995483,Enid,US-OK
WDR,33.98289871,-83.66739655,Winder,US-GA
WEA,32.7463,-97.682404,Weatherford,US-TX
WHP,34.2593,-118.413002,Pacoima,US-CA
WJF,34.7411,-118.219002,Lancaster,US-CA
WLD,37.168598,-97.037598,Winfield / Arkansas City,US-KS
WLW,39.51639938,-122.2180023,Willows,US-CA
WMC,40.8965988159,-117.805999756,Winnemucca,US-NV
WRB,32.640099,-83.591904,Warner Robins,US-GA
WRI,40.0155983,-74.59169769,Wrightstown,US-NJ
WRL,43.965698,-107.950996,Worland,US-WY
WST,41.349602,-71.803398,Westerly,US-RI
WVI,36.9356994629,-121.790000916,Watsonville,US-CA
WVL,44.5331993103,-69.6754989624,Waterville,US-ME
WWD,39.008499145500004,-74.9083023071,Wildwood,US-NJ
WWR,36.438,-99.5226667,Woodward,US-OK
WYS,44.6884,-111.117996,West Yellowstone,US-MT
KYO,28.2213001251,-82.37449646,Tampa,US-FL
XNA,36.281898,-94.306801,Fayetteville/Springdale/Rogers,US-AR
XWA,48.260863,-103.75116,Williston,US-ND
WBK,44.244801,-84.179802,West Branch,US-MI
YIP,42.2379,-83.530403,Detroit,US-MI
YKM,46.56819916,-120.5439987,Yakima,US-WA
YKN,42.916698455811,-97.385902404785,Yankton,US-SD
YNG,41.26070023,-80.67910004,Youngstown/Warren,US-OH
ZPH,28.228201,-82.155899,Zephyrhills,US-FL
ZZV,39.9444007874,-81.89209747310001,Zanesville,US-OH
PGS,35.527168,-113.247636,Peach Springs,US-AZ
DRU,46.621599,-113.201751,Drummond,US-MT
UWA,42.282001495361,-72.214797973633,Ware,US-MA
LIZ,46.950401,-67.885902,Limestone,US-ME
MGI,28.323,-96.464,Matagorda Island,US-TX
MHN,42.042155,-101.059113,Mullen,US-NE
MOS,64.694116,-162.060699,Elim,US-AK
MTX,64.80680084229999,-147.761993408,Fairbanks,US-AK
MXC,37.93243,-109.341225,Monticello,US-UT
MYK,61.335701,-142.686996,May Creek,US-AK
EPG,40.8675003052,-96.1100006104,Weeping Water,US-NE
NIN,60.020199,-151.589005,Ninilchik,US-AK
HBB,32.7668,-103.209,Hobbs,US-NM
UCC,36.934661,-116.00596,Mercury,US-NV
NLN,40.718639,-123.927298,Kneeland,US-CA
BZF,40.5749015808,-122.407997131,Redding,US-CA
OLH,57.218102,-153.270004,Old Harbor,US-AK
ORI,57.884905,-152.847719,Port Lions,US-AK
AKB,52.220299,-174.205994,Atka,US-AK
PML,56.006001,-160.561005,Cold Bay,US-AK
PAQ,61.594898,-149.08901,Palmer,US-AK
ATU,52.829797,173.173796,Attu,US-AK
BTI,70.134003,-143.582001,Barter Island,US-AK
BET,60.77980042,-161.8379974,Bethel,US-AK
BVU,61.1721992493,-151.044006348,Beluga,US-AK
BIG,63.994499,-145.722,Delta Junction Ft Greely,US-AK
BKC,65.981598,-161.149002,Buckland,US-AK
BMX,59.362274,-155.260148,Big Mountain,US-AK
BRW,71.285402,-156.766008,Utqiaġvik,US-AK
BTT,66.913902,-151.529007,Bettles,US-AK
CDB,55.207871,-162.725029,Cold Bay,US-AK
CEM,65.573815,-144.780707,Central,US-AK
CIK,66.644997,-143.740005,Chalkyitsik,US-AK
CYF,60.136667,-164.279167,Chefornak,US-AK
SCM,61.84471,-165.575209,Scammon Bay,US-AK
IRC,65.827673,-144.076195,Circle,US-AK
WSF,54.583934,-164.905727,Cape Sarichef,US-AK
CDV,60.491798,-145.477997,Cordova,US-AK
CXF,67.25219726559999,-150.203994751,Coldfoot,US-AK
CYT,60.080974,-142.494541,Yakataga,US-AK
CZF,61.78030014,-166.0390015,Cape Romanzof,US-AK
DRG,66.068901,-162.766914,Deering,US-AK
RDB,68.032097,-162.899002,Red Dog,US-AK
ADK,51.883564,-176.642783,Adak,US-AK
DLG,59.04470062,-158.5050049,Dillingham,US-AK
MLL,61.8643,-162.026001,Marshall,US-AK
ADQ,57.75,-152.4940033,Kodiak,US-AK
DUT,53.89881,-166.544996,Unalaska,US-AK
KKH,59.9608,-162.880997,Kongiganak,US-AK
EDF,61.251709,-149.807097,Anchorage,US-AK
EEK,60.213173,-162.044048,Eek,US-AK
EAA,64.778003,-141.150455,Eagle,US-AK
EHM,58.646400451699996,-162.06300354,Cape Newenham,US-AK
EIL,64.66570282,-147.102005,Fairbanks,US-AK
EMK,62.78609848,-164.4909973,Emmonak,US-AK
ENA,60.570946,-151.245174,Kenai,US-AK
WWT,60.81037,-164.499511,Mertarvik,US-AK
FAI,64.815102,-147.856003,Fairbanks,US-AK
FBK,64.837502,-147.613998,Fairbanks,US-AK
ABL,67.105529,-157.855339,Ambler,US-AK
FRN,61.266399,-149.653,Fort Richardson,US-AK
NIB,63.017949,-154.360399,Nikolai,US-AK
GAL,64.736198,-156.936997,Galena,US-AK
GBH,68.4796981812,-149.490005493,Galbraith Lake,US-AK
KWK,59.876499,-163.169005,Kwigillingok,US-AK
SHG,66.88809967041,-157.16200256348,Shungnak,US-AK
GKN,62.155859,-145.454662,Gulkana,US-AK
GLV,64.550499,-163.007004,Golovin,US-AK
GAM,63.767694,-171.733303,Gambell,US-AK
BGQ,61.534658,-149.812936,Big Lake,US-AK
GST,58.4253006,-135.7070007,Gustavus,US-AK
NME,60.469129,-164.70407,Nightmute,US-AK
SGY,59.460343,-135.316651,Skagway,US-AK
GMT,65.40209961,-161.2810059,Granite Mountain,US-AK
HCR,62.18830108642578,-159.77499389648438,Holy Cross,US-AK
HSL,65.697899,-156.350998,Huslia,US-AK
HNS,59.243921,-135.523925,Haines,US-AK
HOM,59.644456,-151.479235,Homer,US-AK
HPB,61.523899,-166.147003,Hooper Bay,US-AK
HUS,66.04109955,-154.2630005,Hughes,US-AK
SHX,62.692144,-159.569035,Shageluk,US-AK
IGG,59.324001,-155.901993,Igiugig,US-AK
EGX,58.184386,-157.374873,Egegik,US-AK
IAN,66.976128,-160.439014,Kiana,US-AK
ILI,59.754398,-154.910996,Iliamna,US-AK
UTO,65.992798,-153.703995,Utopia Creek,US-AK
MCL,63.732465,-148.911266,Denali Park,US-AK
WAA,65.622593,-168.095,Wales,US-AK
KCG,56.311501,-158.373001,Chignik,US-AK
JNU,58.354935,-134.574416,Juneau,US-AK
KGK,59.726600647,-157.259002686,Koliganek,US-AK
KDK,57.806151,-152.373693,Kodiak,US-AK
KFP,54.84751,-163.407168,False Pass,US-AK
AKK,56.938702,-154.182999,Akhiok,US-AK
KPN,59.931796,-164.028196,Kipnuk,US-AK
KKA,64.939499,-161.154007,Koyuk,US-AK
LKK,58.9821014404,-155.121002197,Kulik Lake,US-AK
AKN,58.677845,-156.651965,King Salmon,US-AK
IKO,52.941552,-168.849478,Nikolski,US-AK
AKP,68.133598,-151.742996,Anaktuvuk Pass,US-AK
KTN,55.35559845,-131.7140045,Ketchikan,US-AK
UUK,70.33080291750001,-149.598007202,Kuparuk,US-AK
KAL,64.31864,-158.74197,Kaltag,US-AK
KLW,55.579201,-133.076004,Klawock,US-AK
KYK,57.565919,-154.453762,Karluk,US-AK
KLN,57.53516,-153.976455,Larsen Bay,US-AK
KLG,61.53630065917969,-160.34100341796875,Kalskag,US-AK
PTA,60.201681,-154.325863,Port Alsworth,US-AK
LNI,70.911118,-153.237766,Point Lonely,US-AK
WCR,67.5045013428,-148.483001709,Chandalar Lake,US-AK
LUR,68.875099,-166.110001,Cape Lisburne,US-AK
KMO,58.932056,-158.901886,Manokotak,US-AK
MCG,62.95289993,-155.6060028,McGrath,US-AK
MDO,59.4499015808,-146.307006836,Middleton Island,US-AK
LMA,63.886002,-152.302002,Minchumina,US-AK
SMK,63.49010086,-162.1100006,St Michael,US-AK
MLY,64.99188,-150.644102,Manley Hot Springs,US-AK
MOU,62.095401763916016,-163.6820068359375,Mountain Village,US-AK
MRI,61.212792,-149.843988,Anchorage,US-AK
MXY,61.4370994568,-142.904006958,Mccarthy,US-AK
MYU,60.372338,-166.269751,Mekoryuk,US-AK
WNA,60.6903,-161.979004,Napakiak,US-AK
ANC,61.179004,-149.992561,Anchorage,US-AK
ANI,61.581600189208984,-159.54299926757812,Aniak,US-AK
ENN,64.548772,-149.074516,Nenana,US-AK
NNL,59.980202,-154.839005,Nondalton,US-AK
ANN,55.037663,-131.572609,Metlakatla,US-AK
NUL,64.729301,-158.074005,Nulato,US-AK
ANV,62.646702,-160.190994,Anvik,US-AK
KNW,59.451838,-157.373829,New Stuyahok,US-AK
OBU,66.9123,-156.897003,Kobuk,US-AK
PCA,58.9065,-157.714,Portage Creek,US-AK
HNH,58.0961,-135.410111,Hoonah,US-AK
OME,64.51219940185547,-165.44500732421875,Nome,US-AK
OOK,60.541401,-165.087006,Toksook Bay,US-AK
ORT,62.9613,-141.929001,Northway,US-AK
OTZ,66.88469696,-162.598999,Kotzebue,US-AK
NLG,56.0075,-161.160004,Nelson Lagoon,US-AK
STG,56.577345,-169.663823,St George,US-AK
KPC,65.2537002563,-166.85899353,Port Clarence,US-AK
KPV,55.9065,-159.16091,Perryville,US-AK
PSG,56.80170059,-132.9450073,Petersburg,US-AK
PTH,56.957893,-158.630219,Port Heiden,US-AK
PKA,60.7029,-161.778,Napaskiak,US-AK
PTU,59.017675,-161.827927,Platinum,US-AK
PIP,57.580399,-157.572006,Pilot Point,US-AK
PHO,68.348801,-166.798996,Point Hope,US-AK
PPC,66.814102172852,-150.64399719238,Prospect Creek,US-AK
KWN,59.7551,-161.845,Quinhagak,US-AK
NUI,70.209999,-151.005998,Nuiqsut,US-AK
ARC,68.1147,-145.578995,Arctic Village,US-AK
RSH,61.775071,-161.319466,Russian Mission,US-AK
RBY,64.727203,-155.470001,Ruby,US-AK
SVA,63.686401,-170.492996,Savoonga,US-AK
SCC,70.19470215,-148.4649963,Deadhorse,US-AK
SDP,55.313908,-160.522099,Sand Point,US-AK
SHH,66.249604,-166.089112,Shishmaref,US-AK
SIT,57.04710006713867,-135.36199951171875,Sitka,US-AK
WLK,66.600098,-159.985992,Selawik,US-AK
SLQ,61.7005,-157.166,Sleetmute,US-AK
KSM,62.060501,-163.302002,St Mary's,US-AK
SNP,57.166311,-170.222555,St Paul Island,US-AK
SOV,59.442981,-151.705227,Seldovia,US-AK
SMU,61.812000274700004,-147.507003784,Sheep Mountain,US-AK
UMM,63.331501,-149.126999,Cantwell,US-AK
SVW,61.09740067,-155.5740051,Sparrevohn,US-AK
SKW,61.9653015137,-151.190994263,Skwentna,US-AK
SXQ,60.474935,-151.038471,Soldotna,US-AK
SYA,52.71229935,174.1139984,Shemya,US-AK
TAL,65.1744,-152.108994,Tanana,US-AK
TNC,65.563103,-167.921997,Tin City,US-AK
TLA,65.240402,-166.339005,Teller,US-AK
TOG,59.052799,-160.397003,Togiak Village,US-AK
TKA,62.320499420166,-150.09399414062,Talkeetna,US-AK
TLJ,62.894401550299996,-155.977005005,Takotna,US-AK
ATK,70.46704,-157.436013,Atqasuk,US-AK
AUK,62.682653,-164.722481,Alakanuk,US-AK
UMT,69.371101,-152.136002,Umiat,US-AK
UNK,63.888401,-160.798996,Unalakleet,US-AK
WOW,61.7542,-150.052002,Willow,US-AK
KQA,54.14459,-165.604332,Akutan,US-AK
VAK,61.5409,-165.6005,Chevak,US-AK
KVC,55.116299,-162.266006,King Cove,US-AK
VDZ,61.132712,-146.246567,Valdez,US-AK
VEE,67.008698,-146.365997,Venetie,US-AK
KVL,67.734565,-164.559917,Kivalina,US-AK
WBQ,66.362198,-147.406998,Beaver,US-AK
SWD,60.130478,-149.418612,Seward,US-AK
WRG,56.48429871,-132.3699951,Wrangell,US-AK
AIN,70.638,-159.994995,Wainwright,US-AK
WMO,64.689201,-163.412994,White Mountain,US-AK
WTK,67.561241,-162.980461,Noatak,US-AK
WWA,61.571701,-149.539993,Wasilla,US-AK
YAK,59.508717,-139.660435,Yakutat,US-AK
AKI,60.902646,-161.23106,Akiak,US-AK
AET,66.551804,-152.621994,Allakaket,US-AK
NCN,60.077602,-147.99468,Chenega,US-AK
CLP,58.833698,-158.529007,Clarks Point,US-AK
ELI,64.6147,-162.272003,Elim,US-AK
KUK,60.872747,-162.5247,Kasigluk,US-AK
KNK,59.433248,-154.80217,Kokhanok,US-AK
KOT,63.030602,-163.533005,Kotlik,US-AK
KTS,65.331826,-166.467848,Brevig Mission,US-AK
KYU,64.876099,-157.727005,Koyukuk,US-AK
KWT,60.790298,-161.444,Kwethluk,US-AK
ORV,66.817902,-161.018997,Noorvik,US-AK
SKK,64.371101,-161.223999,Shaktoolik,US-AK
TKJ,63.32949829,-142.9539948,Tok,US-AK
WSN,58.702362,-157.005444,South Naknek,US-AK
FYU,66.571651,-145.249987,Fort Yukon,US-AK
PGM,59.348355,-151.830025,Port Graham,US-AK
BKH,22.0228,-159.785004,Kekaha,US-HI
HDH,21.5795,-158.197006,Mokuleia,US-HI
HHI,21.481637,-158.037048,Wahiawa,US-HI
HNM,20.795601,-156.014008,Hana,US-HI
JHM,20.9629,-156.673004,Lahaina,US-HI
JRF,21.3074,-158.070009,Kapolei,US-HI
KOA,19.738783,-156.045603,Kailua-Kona,US-HI
LIH,21.974393,-159.337146,"Lihue, Kauai",US-HI
LUP,21.211,-156.973999,Kalaupapa,US-HI
MKK,21.152901,-157.095993,Kaunakakai,US-HI
MUE,20.001301,-155.667999,Waimea (Kamuela),US-HI
NGF,21.4505,-157.768005,Kaneohe,US-HI
HNL,21.318387,-157.92567,"Honolulu, Oahu",US-HI
LNY,20.785675,-156.951324,Lanai City,US-HI
OGG,20.896263,-156.431837,Kahului,US-HI
PAK,21.8969,-159.602997,Hanapepe,US-HI
BSF,19.760099,-155.554001,Waimea (Kamuela),US-HI
ITO,19.72135,-155.045428,Hilo,US-HI
UPP,20.265301,-155.860001,Hawi,US-HI
PIZ,69.732903,-163.005005,Point Lay,US-AK
RDV,61.788101,-157.350006,Red Devil,US-AK
RMP,65.507896,-150.141007,Rampart,US-AK
LPS,48.4838981628418,-122.93800354003906,Lopez,US-WA
SRV,61.7897,-156.589005,Stony River,US-AK
SVS,66.016727,-149.056835,Stevens Village,US-AK
SXP,62.520599,-164.848006,Nunam Iqua,US-AK
TCT,62.993206,-156.029026,Takotna,US-AK
TLT,61.086973,-160.922842,Tuluksak,US-AK
TSG,63.374401092499994,-143.335998535,Tanacross,US-AK
TYE,61.076556,-151.131363,Tyonek,US-AK
DBS,44.162057,-112.220581,Dubois,US-ID
UGB,57.424052,-157.74479,Pilot Point,US-AK
RTL,43.387501,-95.139198,Okoboji,US-IA
FWL,62.509327,-153.892279,Farewell,US-AK
CRO,36.102661,-119.594815,Corcoran,US-CA
HLM,42.795898,-86.162003,Holland,US-MI
XFT,24.723717,-81.387856,"Big Pine Key, Florida",US-FL
PQS,61.96169,-162.941944,Pilot Station,US-AK
GMV,37.015868,-110.202031,Oljato-Monument Valley,US-UT
RCE,48.612301,-123.139,Roche Harbor,US-WA
WBB,63.515999,-162.278,Stebbins,US-AK
DTR,48.500171,-122.813973,Decatur,US-WA
WSM,67.4046020508,-150.123001099,Wiseman,US-AK
GWV,39.948699951200005,-80.7594985962,Glendale,US-WV
UKN,43.280498504639,-91.469497680664,Waukon,US-IA
KKI,60.913809,-161.493329,Akiachak,US-AK
BCC,63.5733160384,-156.149454117,Bear Creek,US-AK
KBC,66.2740020752,-145.824005127,Birch Creek,US-AK
CZC,61.943713,-145.299398,Copper Center,US-AK
ZNC,60.9807014465,-159.994003296,Nyac,US-AK
